Motif_Identifier	GO_Term_Identifier	GOMo_Score	p-value	q-value
1	GO:0005622	1.784e-38	8.479e-08	3.496e-06
1	GO:0044424	2.452e-37	8.479e-08	3.496e-06
1	GO:0043227	2.370e-35	8.479e-08	3.496e-06
1	GO:0043231	2.519e-35	8.479e-08	3.496e-06
1	GO:0043229	5.887e-33	8.479e-08	3.496e-06
1	GO:0043226	6.107e-33	8.479e-08	3.496e-06
1	GO:0005634	2.097e-30	8.479e-08	3.496e-06
1	GO:0010468	3.126e-22	8.479e-08	3.496e-06
1	GO:0030528	4.552e-21	8.479e-08	3.496e-06
1	GO:0010556	5.612e-21	8.479e-08	3.496e-06
1	GO:0031326	8.642e-21	8.479e-08	3.496e-06
1	GO:0009889	1.224e-20	8.479e-08	3.496e-06
1	GO:0045449	1.817e-20	8.479e-08	3.496e-06
1	GO:0003676	4.027e-19	8.479e-08	3.496e-06
1	GO:0044428	1.748e-18	8.479e-08	3.496e-06
1	GO:0070013	3.291e-17	8.479e-08	3.496e-06
1	GO:0031323	7.124e-17	8.479e-08	3.496e-06
1	GO:0031981	7.315e-17	8.479e-08	3.496e-06
1	GO:0019222	8.145e-17	8.479e-08	3.496e-06
1	GO:0080090	1.140e-16	8.479e-08	3.496e-06
1	GO:0044446	2.049e-16	8.479e-08	3.496e-06
1	GO:0044422	2.227e-16	8.479e-08	3.496e-06
1	GO:0034960	5.445e-16	8.479e-08	3.496e-06
1	GO:0043233	9.084e-16	8.479e-08	3.496e-06
1	GO:0060255	1.515e-15	8.479e-08	3.496e-06
1	GO:0031974	1.570e-15	8.479e-08	3.496e-06
1	GO:0005515	1.846e-15	8.479e-08	3.496e-06
1	GO:0044260	3.863e-15	8.479e-08	3.496e-06
1	GO:0005737	3.976e-15	8.479e-08	3.496e-06
1	GO:0006355	5.688e-15	8.479e-08	3.496e-06
1	GO:0005654	1.106e-14	8.479e-08	3.496e-06
1	GO:0006357	1.364e-14	8.479e-08	3.496e-06
1	GO:0005488	1.525e-14	8.479e-08	3.496e-06
1	GO:0003700	2.881e-14	8.479e-08	3.496e-06
1	GO:0003677	2.957e-14	8.479e-08	3.496e-06
1	GO:0051171	7.143e-14	8.479e-08	3.496e-06
1	GO:0043565	9.232e-14	8.479e-08	3.496e-06
1	GO:0019219	9.501e-14	8.479e-08	3.496e-06
1	GO:0044451	3.253e-12	8.479e-08	3.496e-06
1	GO:0044237	1.056e-10	8.479e-08	3.496e-06
1	GO:0007399	2.049e-10	8.479e-08	3.496e-06
1	GO:0009790	3.951e-10	8.479e-08	3.496e-06
1	GO:0044267	1.137e-09	8.479e-08	3.496e-06
1	GO:0032991	1.428e-09	8.479e-08	3.496e-06
1	GO:0048468	1.567e-09	8.479e-08	3.496e-06
1	GO:0043283	1.750e-09	8.479e-08	3.496e-06
1	GO:0007389	3.548e-09	8.479e-08	3.496e-06
1	GO:0043170	4.411e-09	8.479e-08	3.496e-06
1	GO:0022008	5.093e-09	8.479e-08	3.496e-06
1	GO:0009653	6.646e-09	8.479e-08	3.496e-06
1	GO:0010629	9.164e-09	8.479e-08	3.496e-06
1	GO:0048699	1.131e-08	8.479e-08	3.496e-06
1	GO:0044444	1.165e-08	8.479e-08	3.496e-06
1	GO:0016740	1.182e-08	8.479e-08	3.496e-06
1	GO:0016481	1.862e-08	8.479e-08	3.496e-06
1	GO:0048598	2.034e-08	8.479e-08	3.496e-06
1	GO:0016070	2.245e-08	8.479e-08	3.496e-06
1	GO:0045934	2.555e-08	8.479e-08	3.496e-06
1	GO:0007417	2.914e-08	8.479e-08	3.496e-06
1	GO:0031327	3.097e-08	8.479e-08	3.496e-06
1	GO:0009890	3.131e-08	8.479e-08	3.496e-06
1	GO:0010558	3.197e-08	8.479e-08	3.496e-06
1	GO:0016043	4.143e-08	8.479e-08	3.496e-06
1	GO:0051172	4.515e-08	8.479e-08	3.496e-06
1	GO:0016564	4.944e-08	8.479e-08	3.496e-06
1	GO:0051254	5.024e-08	8.479e-08	3.496e-06
1	GO:0045893	5.426e-08	8.479e-08	3.496e-06
1	GO:0000166	5.514e-08	8.479e-08	3.496e-06
1	GO:0006996	5.922e-08	8.479e-08	3.496e-06
1	GO:0043234	6.205e-08	8.479e-08	3.496e-06
1	GO:0045941	6.605e-08	8.479e-08	3.496e-06
1	GO:0045935	7.070e-08	8.479e-08	3.496e-06
1	GO:0051173	7.228e-08	8.479e-08	3.496e-06
1	GO:0031324	7.348e-08	8.479e-08	3.496e-06
1	GO:0003002	7.414e-08	8.479e-08	3.496e-06
1	GO:0030182	9.908e-08	8.479e-08	3.496e-06
1	GO:0007420	1.100e-07	8.479e-08	3.496e-06
1	GO:0006139	1.353e-07	8.479e-08	3.496e-06
1	GO:0009892	1.411e-07	8.479e-08	3.496e-06
1	GO:0010605	1.445e-07	8.479e-08	3.496e-06
1	GO:0016773	1.491e-07	8.479e-08	3.496e-06
1	GO:0045892	1.508e-07	8.479e-08	3.496e-06
1	GO:0016301	1.560e-07	8.479e-08	3.496e-06
1	GO:0016563	1.577e-07	8.479e-08	3.496e-06
1	GO:0010628	1.631e-07	8.479e-08	3.496e-06
1	GO:0051253	1.641e-07	8.479e-08	3.496e-06
1	GO:0043412	1.830e-07	8.479e-08	3.496e-06
1	GO:0051252	1.919e-07	8.479e-08	3.496e-06
1	GO:0006464	2.055e-07	8.479e-08	3.496e-06
1	GO:0032502	2.113e-07	8.479e-08	3.496e-06
1	GO:0003702	2.175e-07	8.479e-08	3.496e-06
1	GO:0045944	2.428e-07	8.479e-08	3.496e-06
1	GO:0016772	2.457e-07	8.479e-08	3.496e-06
1	GO:0043687	2.774e-07	8.479e-08	3.496e-06
1	GO:0048523	2.993e-07	8.479e-08	3.496e-06
1	GO:0009887	3.028e-07	8.479e-08	3.496e-06
1	GO:0003723	3.065e-07	8.479e-08	3.496e-06
1	GO:0007275	3.095e-07	8.479e-08	3.496e-06
1	GO:0004672	3.341e-07	8.479e-08	3.496e-06
1	GO:0008134	4.089e-07	8.479e-08	3.496e-06
1	GO:0005667	4.109e-07	8.479e-08	3.496e-06
1	GO:0005623	5.598e-07	8.479e-08	3.496e-06
1	GO:0044464	5.737e-07	8.479e-08	3.496e-06
1	GO:0032553	6.540e-07	8.479e-08	3.496e-06
1	GO:0032555	6.540e-07	8.479e-08	3.496e-06
1	GO:0044238	6.929e-07	8.479e-08	3.496e-06
1	GO:0033036	6.962e-07	8.479e-08	3.496e-06
1	GO:0004674	1.042e-06	8.479e-08	3.496e-06
1	GO:0005794	1.055e-06	8.479e-08	3.496e-06
1	GO:0048856	1.278e-06	8.479e-08	3.496e-06
1	GO:0017076	1.368e-06	8.479e-08	3.496e-06
1	GO:0010467	1.527e-06	8.479e-08	3.496e-06
1	GO:0005730	1.800e-06	8.479e-08	3.496e-06
1	GO:0010604	1.916e-06	8.479e-08	3.496e-06
1	GO:0031325	1.959e-06	8.479e-08	3.496e-06
1	GO:0048869	2.153e-06	8.479e-08	3.496e-06
1	GO:0030154	2.211e-06	8.479e-08	3.496e-06
1	GO:0015031	2.276e-06	8.479e-08	3.496e-06
1	GO:0008104	2.325e-06	8.479e-08	3.496e-06
1	GO:0016568	2.385e-06	8.479e-08	3.496e-06
1	GO:0010557	2.493e-06	8.479e-08	3.496e-06
1	GO:0048731	2.587e-06	8.479e-08	3.496e-06
1	GO:0045184	2.999e-06	8.479e-08	3.496e-06
1	GO:0000122	3.214e-06	8.479e-08	3.496e-06
1	GO:0008152	3.531e-06	8.479e-08	3.496e-06
1	GO:0031328	4.414e-06	8.479e-08	3.496e-06
1	GO:0009893	4.579e-06	8.479e-08	3.496e-06
1	GO:0006325	4.805e-06	8.479e-08	3.496e-06
1	GO:0051641	4.975e-06	8.479e-08	3.496e-06
1	GO:0048522	5.201e-06	8.479e-08	3.496e-06
1	GO:0048519	5.435e-06	8.479e-08	3.496e-06
1	GO:0009891	5.905e-06	8.479e-08	3.496e-06
1	GO:0045165	6.294e-06	8.479e-08	3.496e-06
1	GO:0030900	6.357e-06	8.479e-08	3.496e-06
1	GO:0046907	6.607e-06	8.479e-08	3.496e-06
1	GO:0048736	6.704e-06	8.479e-08	3.496e-06
1	GO:0060173	6.704e-06	8.479e-08	3.496e-06
1	GO:0035107	8.942e-06	8.479e-08	3.496e-06
1	GO:0035108	8.942e-06	8.479e-08	3.496e-06
1	GO:0016055	9.798e-06	8.479e-08	3.496e-06
1	GO:0007264	9.864e-06	8.479e-08	3.496e-06
1	GO:0030326	9.975e-06	8.479e-08	3.496e-06
1	GO:0035113	9.975e-06	8.479e-08	3.496e-06
1	GO:0051649	1.054e-05	8.479e-08	3.496e-06
1	GO:0048513	1.061e-05	8.479e-08	3.496e-06
1	GO:0003712	1.348e-05	8.479e-08	3.496e-06
1	GO:0019941	1.431e-05	8.479e-08	3.496e-06
1	GO:0043632	1.431e-05	8.479e-08	3.496e-06
1	GO:0043284	1.477e-05	8.479e-08	3.496e-06
1	GO:0009952	1.774e-05	8.479e-08	3.496e-06
1	GO:0051603	1.863e-05	8.479e-08	3.496e-06
1	GO:0050794	1.981e-05	8.479e-08	3.496e-06
1	GO:0032559	2.248e-05	8.479e-08	3.496e-06
1	GO:0034961	2.258e-05	8.479e-08	3.496e-06
1	GO:0044257	2.525e-05	8.479e-08	3.496e-06
1	GO:0010646	2.704e-05	8.479e-08	3.496e-06
1	GO:0006396	2.726e-05	8.479e-08	3.496e-06
1	GO:0010926	3.255e-05	8.479e-08	3.496e-06
1	GO:0030529	3.371e-05	8.479e-08	3.496e-06
1	GO:0006807	3.472e-05	8.479e-08	3.496e-06
1	GO:0051276	3.475e-05	8.479e-08	3.496e-06
1	GO:0008270	3.903e-05	8.479e-08	3.496e-06
1	GO:0048663	4.018e-05	8.479e-08	3.496e-06
1	GO:0005524	4.161e-05	8.479e-08	3.496e-06
1	GO:0043009	4.629e-05	8.479e-08	3.496e-06
1	GO:0016192	4.666e-05	8.479e-08	3.496e-06
1	GO:0030554	4.833e-05	8.479e-08	3.496e-06
1	GO:0060284	4.902e-05	8.479e-08	3.496e-06
1	GO:0009792	5.065e-05	8.479e-08	3.496e-06
1	GO:0050789	5.072e-05	8.479e-08	3.496e-06
1	GO:0043228	5.433e-05	8.479e-08	3.496e-06
1	GO:0043232	5.433e-05	8.479e-08	3.496e-06
1	GO:0016071	5.565e-05	8.479e-08	3.496e-06
1	GO:0034962	7.048e-05	8.479e-08	3.496e-06
1	GO:0001883	7.398e-05	8.479e-08	3.496e-06
1	GO:0010551	7.685e-05	8.479e-08	3.496e-06
1	GO:0006793	7.832e-05	8.479e-08	3.496e-06
1	GO:0006796	7.832e-05	8.479e-08	3.496e-06
1	GO:0010648	8.262e-05	8.479e-08	3.496e-06
1	GO:0017015	8.400e-05	8.479e-08	3.496e-06
1	GO:0001882	8.826e-05	8.479e-08	3.496e-06
1	GO:0005829	9.246e-05	8.479e-08	3.496e-06
1	GO:0034645	9.276e-05	8.479e-08	3.496e-06
1	GO:0009968	9.363e-05	8.479e-08	3.496e-06
1	GO:0019904	9.537e-05	8.479e-08	3.496e-06
1	GO:0009966	9.971e-05	8.479e-08	3.496e-06
1	GO:0048732	1.095e-04	8.479e-08	3.496e-06
1	GO:0051960	1.104e-04	8.479e-08	3.496e-06
1	GO:0006366	1.185e-04	8.479e-08	3.496e-06
1	GO:0007049	1.246e-04	8.479e-08	3.496e-06
1	GO:0006351	1.315e-04	8.479e-08	3.496e-06
1	GO:0048518	1.360e-04	8.479e-08	3.496e-06
1	GO:0051179	1.407e-04	8.479e-08	3.496e-06
1	GO:0048666	1.407e-04	8.479e-08	3.496e-06
1	GO:0050767	1.410e-04	8.479e-08	3.496e-06
1	GO:0006468	1.460e-04	8.479e-08	3.496e-06
1	GO:0032774	1.469e-04	8.479e-08	3.496e-06
1	GO:0035295	1.482e-04	8.479e-08	3.496e-06
1	GO:0019538	1.542e-04	8.479e-08	3.496e-06
1	GO:0006350	1.550e-04	8.479e-08	3.496e-06
1	GO:0034613	1.597e-04	8.479e-08	3.496e-06
1	GO:0070727	1.711e-04	8.479e-08	3.496e-06
1	GO:0030030	1.864e-04	8.479e-08	3.496e-06
1	GO:0009059	1.883e-04	8.479e-08	3.496e-06
1	GO:0048729	1.897e-04	8.479e-08	3.496e-06
1	GO:0008380	1.926e-04	8.479e-08	3.496e-06
1	GO:0003824	1.984e-04	8.479e-08	3.496e-06
1	GO:0044265	2.084e-04	8.479e-08	3.496e-06
1	GO:0031175	2.089e-04	8.479e-08	3.496e-06
1	GO:0006886	2.466e-04	8.479e-08	3.496e-06
1	GO:0003682	2.640e-04	8.479e-08	3.496e-06
1	GO:0006417	2.717e-04	8.479e-08	3.496e-06
1	GO:0010608	2.722e-04	8.479e-08	3.496e-06
1	GO:0016569	2.782e-04	8.479e-08	3.496e-06
1	GO:0048646	2.976e-04	8.479e-08	3.496e-06
1	GO:0046914	3.065e-04	8.479e-08	3.496e-06
1	GO:0048705	3.144e-04	8.479e-08	3.496e-06
1	GO:0035270	3.146e-04	8.479e-08	3.496e-06
1	GO:0000278	3.284e-04	8.479e-08	3.496e-06
1	GO:0048812	3.293e-04	8.479e-08	3.496e-06
1	GO:0050793	3.294e-04	8.479e-08	3.496e-06
1	GO:0005739	3.331e-04	8.479e-08	3.496e-06
1	GO:0016570	3.637e-04	8.479e-08	3.496e-06
1	GO:0007409	3.659e-04	8.479e-08	3.496e-06
1	GO:0012505	3.671e-04	8.479e-08	3.496e-06
1	GO:0019899	3.824e-04	8.479e-08	3.496e-06
1	GO:0006397	3.903e-04	8.479e-08	3.496e-06
1	GO:0043583	4.052e-04	8.479e-08	3.496e-06
1	GO:0003924	4.115e-04	8.479e-08	3.496e-06
1	GO:0048858	4.331e-04	8.479e-08	3.496e-06
1	GO:0048667	4.567e-04	8.479e-08	3.496e-06
1	GO:0007167	5.005e-04	8.479e-08	3.496e-06
1	GO:0017053	5.167e-04	8.479e-08	3.496e-06
1	GO:0016310	5.227e-04	8.479e-08	3.496e-06
1	GO:0032990	5.299e-04	8.479e-08	3.496e-06
1	GO:0016585	6.022e-04	8.479e-08	3.496e-06
1	GO:0010843	6.179e-04	8.479e-08	3.496e-06
1	GO:0070647	6.278e-04	8.479e-08	3.496e-06
1	GO:0002009	6.509e-04	8.479e-08	3.496e-06
1	GO:0060429	6.509e-04	8.479e-08	3.496e-06
1	GO:0007507	6.616e-04	8.479e-08	3.496e-06
1	GO:0021543	7.141e-04	8.479e-08	3.496e-06
1	GO:0003714	7.217e-04	8.479e-08	3.496e-06
1	GO:0045664	7.527e-04	8.479e-08	3.496e-06
1	GO:0051246	7.749e-04	8.479e-08	3.496e-06
1	GO:0000904	8.294e-04	8.479e-08	3.496e-06
1	GO:0043005	8.715e-04	8.479e-08	3.496e-06
1	GO:0045595	8.840e-04	8.479e-08	3.496e-06
1	GO:0051726	8.860e-04	8.479e-08	3.496e-06
1	GO:0007423	9.006e-04	8.479e-08	3.496e-06
1	GO:0000082	9.640e-04	1.696e-07	6.596e-06
1	GO:0009888	9.699e-04	1.696e-07	6.596e-06
1	GO:0044431	9.794e-04	1.696e-07	6.596e-06
1	GO:0000902	1.020e-03	1.696e-07	6.596e-06
1	GO:0030425	1.058e-03	1.696e-07	6.596e-06
1	GO:0007411	1.072e-03	1.696e-07	6.596e-06
1	GO:0000375	1.099e-03	1.696e-07	6.596e-06
1	GO:0000377	1.099e-03	1.696e-07	6.596e-06
1	GO:0000398	1.099e-03	1.696e-07	6.596e-06
1	GO:0019717	1.102e-03	1.696e-07	6.596e-06
1	GO:0051329	1.136e-03	1.696e-07	6.596e-06
1	GO:0048536	1.194e-03	1.696e-07	6.596e-06
1	GO:0003713	1.237e-03	1.696e-07	6.596e-06
1	GO:0051056	1.243e-03	1.696e-07	6.596e-06
1	GO:0065007	1.283e-03	1.696e-07	6.596e-06
1	GO:0051128	1.362e-03	2.544e-07	9.747e-06
1	GO:0021510	1.365e-03	2.544e-07	9.747e-06
1	GO:0022402	1.398e-03	2.544e-07	9.747e-06
1	GO:0021537	1.418e-03	2.544e-07	9.747e-06
1	GO:0032446	1.463e-03	4.239e-07	1.619e-05
1	GO:0016881	1.497e-03	5.087e-07	1.935e-05
1	GO:0007369	1.544e-03	7.631e-07	2.892e-05
1	GO:0032583	1.602e-03	8.479e-07	3.202e-05
1	GO:0030955	1.732e-03	9.327e-07	3.458e-05
1	GO:0004702	1.858e-03	9.327e-07	3.458e-05
1	GO:0021761	1.944e-03	9.327e-07	3.458e-05
1	GO:0007010	1.956e-03	9.327e-07	3.458e-05
1	GO:0048568	1.959e-03	9.327e-07	3.458e-05
1	GO:0035239	1.999e-03	1.017e-06	3.759e-05
1	GO:0046578	2.026e-03	1.102e-06	3.973e-05
1	GO:0008276	2.026e-03	1.102e-06	3.973e-05
1	GO:0043524	2.081e-03	1.102e-06	3.973e-05
1	GO:0016331	2.106e-03	1.102e-06	3.973e-05
1	GO:0051325	2.117e-03	1.102e-06	3.973e-05
1	GO:0051234	2.118e-03	1.102e-06	3.973e-05
1	GO:0051028	2.125e-03	1.102e-06	3.973e-05
1	GO:0030135	2.172e-03	1.187e-06	4.264e-05
1	GO:0060541	2.195e-03	1.272e-06	4.475e-05
1	GO:0022403	2.207e-03	1.272e-06	4.475e-05
1	GO:0030334	2.228e-03	1.272e-06	4.475e-05
1	GO:0004721	2.230e-03	1.272e-06	4.475e-05
1	GO:0044092	2.240e-03	1.272e-06	4.475e-05
1	GO:0030036	2.246e-03	1.272e-06	4.475e-05
1	GO:0016567	2.283e-03	1.357e-06	4.740e-05
1	GO:0044429	2.321e-03	1.357e-06	4.740e-05
1	GO:0010553	2.376e-03	1.441e-06	5.003e-05
1	GO:0009987	2.378e-03	1.441e-06	5.003e-05
1	GO:0030111	2.473e-03	1.611e-06	5.481e-05
1	GO:0006810	2.482e-03	1.611e-06	5.481e-05
1	GO:0032989	2.483e-03	1.611e-06	5.481e-05
1	GO:0032268	2.499e-03	1.611e-06	5.481e-05
1	GO:0042802	2.500e-03	1.611e-06	5.481e-05
1	GO:0044087	2.500e-03	1.611e-06	5.481e-05
1	GO:0007492	2.547e-03	1.696e-06	5.731e-05
1	GO:0001655	2.624e-03	1.696e-06	5.731e-05
1	GO:0045182	2.643e-03	1.781e-06	5.998e-05
1	GO:0046872	2.698e-03	1.865e-06	6.263e-05
1	GO:0003704	2.708e-03	1.950e-06	6.506e-05
1	GO:0051270	2.724e-03	1.950e-06	6.506e-05
1	GO:0032870	2.740e-03	2.035e-06	6.745e-05
1	GO:0044085	2.749e-03	2.035e-06	6.745e-05
1	GO:0000287	2.760e-03	2.120e-06	7.003e-05
1	GO:0005267	2.868e-03	2.205e-06	7.214e-05
1	GO:0050679	2.870e-03	2.205e-06	7.214e-05
1	GO:0019787	2.892e-03	2.205e-06	7.214e-05
1	GO:0042054	2.911e-03	2.289e-06	7.398e-05
1	GO:0050657	2.970e-03	2.289e-06	7.398e-05
1	GO:0050658	2.970e-03	2.289e-06	7.398e-05
1	GO:0051236	2.970e-03	2.289e-06	7.398e-05
1	GO:0006403	3.024e-03	2.374e-06	7.624e-05
1	GO:0045596	3.032e-03	2.374e-06	7.624e-05
1	GO:0008286	3.159e-03	2.713e-06	8.686e-05
1	GO:0043523	3.185e-03	2.798e-06	8.902e-05
1	GO:0016604	3.185e-03	2.798e-06	8.902e-05
1	GO:0021515	3.254e-03	3.307e-06	1.046e-04
1	GO:0008287	3.274e-03	3.307e-06	1.046e-04
1	GO:0006913	3.318e-03	3.476e-06	1.093e-04
1	GO:0007242	3.325e-03	3.476e-06	1.093e-04
1	GO:0042471	3.367e-03	3.646e-06	1.142e-04
1	GO:0046983	3.403e-03	3.731e-06	1.165e-04
1	GO:0032582	3.424e-03	3.815e-06	1.181e-04
1	GO:0042391	3.434e-03	3.815e-06	1.181e-04
1	GO:0030136	3.450e-03	3.815e-06	1.181e-04
1	GO:0008565	3.491e-03	3.900e-06	1.189e-04
1	GO:0021766	3.515e-03	3.900e-06	1.189e-04
1	GO:0032012	3.539e-03	3.900e-06	1.189e-04
1	GO:0001763	3.552e-03	3.900e-06	1.189e-04
1	GO:0008757	3.569e-03	3.900e-06	1.189e-04
1	GO:0048706	3.614e-03	4.155e-06	1.263e-04
1	GO:0048839	3.727e-03	4.324e-06	1.307e-04
1	GO:0043169	3.783e-03	4.324e-06	1.307e-04
1	GO:0034199	4.033e-03	5.087e-06	1.533e-04
1	GO:0005681	4.120e-03	5.426e-06	1.631e-04
1	GO:0051169	4.142e-03	5.511e-06	1.651e-04
1	GO:0044249	4.194e-03	5.935e-06	1.773e-04
1	GO:0005783	4.203e-03	6.020e-06	1.788e-04
1	GO:0043566	4.260e-03	6.020e-06	1.788e-04
1	GO:0030323	4.301e-03	6.105e-06	1.808e-04
1	GO:0021879	4.310e-03	6.190e-06	1.823e-04
1	GO:0016874	4.347e-03	6.190e-06	1.823e-04
1	GO:0006511	4.362e-03	6.274e-06	1.843e-04
1	GO:0005525	4.394e-03	6.444e-06	1.887e-04
1	GO:0031090	4.404e-03	6.529e-06	1.901e-04
1	GO:0004722	4.405e-03	6.529e-06	1.901e-04
1	GO:0001501	4.490e-03	6.783e-06	1.970e-04
1	GO:0016566	4.544e-03	6.868e-06	1.978e-04
1	GO:0022607	4.575e-03	6.868e-06	1.978e-04
1	GO:0030324	4.597e-03	6.868e-06	1.978e-04
1	GO:0010769	4.746e-03	7.801e-06	2.240e-04
1	GO:0000785	4.796e-03	7.970e-06	2.282e-04
1	GO:0043025	4.799e-03	8.055e-06	2.294e-04
1	GO:0021872	4.833e-03	8.055e-06	2.294e-04
1	GO:0019199	4.941e-03	8.564e-06	2.432e-04
1	GO:0019898	4.986e-03	9.157e-06	2.593e-04
1	GO:0001709	5.025e-03	9.327e-06	2.634e-04
1	GO:0010464	5.067e-03	9.920e-06	2.794e-04
1	GO:0030512	5.077e-03	1.001e-05	2.810e-04
1	GO:0010799	5.227e-03	1.077e-05	3.016e-04
1	GO:0007169	5.354e-03	1.170e-05	3.260e-04
1	GO:0004842	5.376e-03	1.170e-05	3.260e-04
1	GO:0009954	5.448e-03	1.204e-05	3.345e-04
1	GO:0042472	5.479e-03	1.229e-05	3.407e-04
1	GO:0007178	5.511e-03	1.263e-05	3.491e-04
1	GO:0005249	5.595e-03	1.306e-05	3.599e-04
1	GO:0030145	5.638e-03	1.331e-05	3.659e-04
1	GO:0014070	5.641e-03	1.340e-05	3.673e-04
1	GO:0031016	5.666e-03	1.357e-05	3.709e-04
1	GO:0003705	5.700e-03	1.382e-05	3.749e-04
1	GO:0006928	5.714e-03	1.382e-05	3.749e-04
1	GO:0051674	5.714e-03	1.382e-05	3.749e-04
1	GO:0008060	5.719e-03	1.391e-05	3.762e-04
1	GO:0031396	5.773e-03	1.407e-05	3.798e-04
1	GO:0043550	5.790e-03	1.424e-05	3.834e-04
1	GO:0031329	5.939e-03	1.526e-05	4.097e-04
1	GO:0001708	6.043e-03	1.628e-05	4.325e-04
1	GO:0048193	6.045e-03	1.628e-05	4.325e-04
1	GO:0065009	6.046e-03	1.628e-05	4.325e-04
1	GO:0048566	6.052e-03	1.628e-05	4.325e-04
1	GO:0001822	6.099e-03	1.645e-05	4.359e-04
1	GO:0009058	6.229e-03	1.764e-05	4.650e-04
1	GO:0008021	6.229e-03	1.764e-05	4.650e-04
1	GO:0046332	6.305e-03	1.789e-05	4.705e-04
1	GO:0051168	6.345e-03	1.814e-05	4.759e-04
1	GO:0015630	6.375e-03	1.831e-05	4.792e-04
1	GO:0030178	6.394e-03	1.865e-05	4.868e-04
1	GO:0001889	6.416e-03	1.899e-05	4.944e-04
1	GO:0022843	6.431e-03	1.925e-05	4.998e-04
1	GO:0051716	6.544e-03	2.009e-05	5.187e-04
1	GO:0043167	6.578e-03	2.018e-05	5.187e-04
1	GO:0005840	6.582e-03	2.018e-05	5.187e-04
1	GO:0051093	6.603e-03	2.018e-05	5.187e-04
1	GO:0014031	6.706e-03	2.077e-05	5.314e-04
1	GO:0048762	6.706e-03	2.077e-05	5.314e-04
1	GO:0008135	6.779e-03	2.111e-05	5.387e-04
1	GO:0030336	6.853e-03	2.171e-05	5.525e-04
1	GO:0016879	6.875e-03	2.179e-05	5.533e-04
1	GO:0065003	6.933e-03	2.255e-05	5.698e-04
1	GO:0030510	6.936e-03	2.255e-05	5.698e-04
1	GO:0007568	6.937e-03	2.264e-05	5.706e-04
1	GO:0031967	7.055e-03	2.366e-05	5.948e-04
1	GO:0006605	7.213e-03	2.527e-05	6.337e-04
1	GO:0046324	7.290e-03	2.578e-05	6.449e-04
1	GO:0043086	7.310e-03	2.595e-05	6.460e-04
1	GO:0045665	7.337e-03	2.595e-05	6.460e-04
1	GO:0046777	7.544e-03	2.807e-05	6.971e-04
1	GO:0060485	7.622e-03	2.874e-05	7.122e-04
1	GO:0003007	7.711e-03	2.976e-05	7.357e-04
1	GO:0031975	7.825e-03	3.095e-05	7.616e-04
1	GO:0008076	7.850e-03	3.103e-05	7.616e-04
1	GO:0034705	7.850e-03	3.103e-05	7.616e-04
1	GO:0043551	8.000e-03	3.256e-05	7.934e-04
1	GO:0043552	8.000e-03	3.256e-05	7.934e-04
1	GO:0005643	8.008e-03	3.256e-05	7.934e-04
1	GO:0016592	8.061e-03	3.315e-05	8.060e-04
1	GO:0022037	8.191e-03	3.502e-05	8.493e-04
1	GO:0005244	8.205e-03	3.527e-05	8.515e-04
1	GO:0022832	8.205e-03	3.527e-05	8.515e-04
1	GO:0032403	8.254e-03	3.578e-05	8.618e-04
1	GO:0002053	8.273e-03	3.620e-05	8.699e-04
1	GO:0007223	8.469e-03	3.739e-05	8.964e-04
1	GO:0022604	8.490e-03	3.782e-05	9.044e-04
1	GO:0010552	8.615e-03	3.900e-05	9.307e-04
1	GO:0000151	8.737e-03	4.061e-05	9.669e-04
1	GO:0021953	8.775e-03	4.087e-05	9.707e-04
1	GO:0030902	8.881e-03	4.222e-05	1.001e-03
1	GO:0021895	8.931e-03	4.299e-05	1.016e-03
1	GO:0019001	8.962e-03	4.316e-05	1.016e-03
1	GO:0032561	8.962e-03	4.316e-05	1.016e-03
1	GO:0032312	9.023e-03	4.375e-05	1.025e-03
1	GO:0030665	9.038e-03	4.384e-05	1.025e-03
1	GO:0006457	9.040e-03	4.384e-05	1.025e-03
1	GO:0021587	9.075e-03	4.434e-05	1.034e-03
1	GO:0021987	9.188e-03	4.553e-05	1.059e-03
1	GO:0006813	9.314e-03	4.782e-05	1.110e-03
1	GO:0032869	9.395e-03	4.943e-05	1.143e-03
1	GO:0016278	9.410e-03	4.969e-05	1.143e-03
1	GO:0016279	9.410e-03	4.969e-05	1.143e-03
1	GO:0018024	9.410e-03	4.969e-05	1.143e-03
1	GO:0031018	9.577e-03	5.231e-05	1.197e-03
1	GO:0006461	9.588e-03	5.240e-05	1.197e-03
1	GO:0070271	9.588e-03	5.240e-05	1.197e-03
1	GO:0005740	9.596e-03	5.248e-05	1.197e-03
1	GO:0000118	9.730e-03	5.401e-05	1.229e-03
1	GO:0048538	9.844e-03	5.537e-05	1.257e-03
1	GO:0017124	9.865e-03	5.571e-05	1.262e-03
1	GO:0016791	9.909e-03	5.622e-05	1.271e-03
1	GO:0014020	9.938e-03	5.672e-05	1.279e-03
1	GO:0030029	9.944e-03	5.689e-05	1.280e-03
1	GO:0021575	9.976e-03	5.740e-05	1.288e-03
1	GO:0012506	9.976e-03	5.749e-05	1.288e-03
1	GO:0051301	1.001e-02	5.791e-05	1.295e-03
1	GO:0046982	1.010e-02	5.961e-05	1.330e-03
1	GO:0021915	1.020e-02	6.096e-05	1.357e-03
1	GO:0000159	1.030e-02	6.274e-05	1.394e-03
1	GO:0032925	1.045e-02	6.529e-05	1.447e-03
1	GO:0008080	1.059e-02	6.817e-05	1.508e-03
1	GO:0032318	1.063e-02	6.902e-05	1.523e-03
1	GO:0050321	1.067e-02	6.953e-05	1.531e-03
1	GO:0016407	1.075e-02	7.122e-05	1.565e-03
1	GO:0030879	1.107e-02	7.775e-05	1.705e-03
1	GO:0021536	1.117e-02	7.902e-05	1.729e-03
1	GO:0010721	1.124e-02	8.072e-05	1.763e-03
1	GO:0007422	1.128e-02	8.191e-05	1.785e-03
1	GO:0010975	1.136e-02	8.352e-05	1.816e-03
1	GO:0048332	1.158e-02	8.767e-05	1.903e-03
1	GO:0010720	1.160e-02	8.818e-05	1.910e-03
1	GO:0016311	1.171e-02	9.022e-05	1.950e-03
1	GO:0007498	1.179e-02	9.242e-05	1.993e-03
1	GO:0048754	1.181e-02	9.301e-05	2.002e-03
1	GO:0051271	1.182e-02	9.327e-05	2.003e-03
1	GO:0040029	1.199e-02	9.759e-05	2.091e-03
1	GO:0001702	1.222e-02	1.040e-04	2.225e-03
1	GO:0021885	1.235e-02	1.078e-04	2.300e-03
1	GO:0014032	1.239e-02	1.090e-04	2.318e-03
1	GO:0014033	1.239e-02	1.090e-04	2.318e-03
1	GO:0006352	1.258e-02	1.128e-04	2.389e-03
1	GO:0004696	1.259e-02	1.129e-04	2.389e-03
1	GO:0016044	1.266e-02	1.147e-04	2.423e-03
1	GO:0008170	1.275e-02	1.175e-04	2.477e-03
1	GO:0019901	1.300e-02	1.234e-04	2.595e-03
1	GO:0044248	1.302e-02	1.236e-04	2.595e-03
1	GO:0034622	1.320e-02	1.279e-04	2.681e-03
1	GO:0007005	1.332e-02	1.302e-04	2.721e-03
1	GO:0021877	1.336e-02	1.313e-04	2.741e-03
1	GO:0010800	1.342e-02	1.329e-04	2.769e-03
1	GO:0016581	1.343e-02	1.336e-04	2.777e-03
1	GO:0045669	1.359e-02	1.381e-04	2.865e-03
1	GO:0043414	1.360e-02	1.390e-04	2.876e-03
1	GO:0048665	1.361e-02	1.392e-04	2.876e-03
1	GO:0015931	1.363e-02	1.395e-04	2.876e-03
1	GO:0035137	1.369e-02	1.403e-04	2.887e-03
1	GO:0001701	1.373e-02	1.417e-04	2.909e-03
1	GO:0000932	1.392e-02	1.468e-04	3.008e-03
1	GO:0016477	1.404e-02	1.498e-04	3.058e-03
1	GO:0018105	1.404e-02	1.498e-04	3.058e-03
1	GO:0005694	1.425e-02	1.570e-04	3.199e-03
1	GO:0021549	1.428e-02	1.580e-04	3.213e-03
1	GO:0043489	1.443e-02	1.622e-04	3.285e-03
1	GO:0048255	1.443e-02	1.622e-04	3.285e-03
1	GO:0004402	1.460e-02	1.675e-04	3.378e-03
1	GO:0004468	1.460e-02	1.675e-04	3.378e-03
1	GO:0021892	1.465e-02	1.688e-04	3.399e-03
1	GO:0045685	1.467e-02	1.692e-04	3.401e-03
1	GO:0042733	1.477e-02	1.735e-04	3.479e-03
1	GO:0016265	1.487e-02	1.768e-04	3.535e-03
1	GO:0010827	1.488e-02	1.770e-04	3.535e-03
1	GO:0070888	1.504e-02	1.817e-04	3.623e-03
1	GO:0006412	1.515e-02	1.838e-04	3.658e-03
1	GO:0019900	1.519e-02	1.852e-04	3.678e-03
1	GO:0050678	1.523e-02	1.861e-04	3.689e-03
1	GO:0035148	1.524e-02	1.870e-04	3.701e-03
1	GO:0032868	1.530e-02	1.891e-04	3.734e-03
1	GO:0046626	1.539e-02	1.927e-04	3.799e-03
1	GO:0016514	1.544e-02	1.942e-04	3.812e-03
1	GO:0070603	1.544e-02	1.942e-04	3.812e-03
1	GO:0048704	1.550e-02	1.969e-04	3.856e-03
1	GO:0021696	1.552e-02	1.971e-04	3.856e-03
1	GO:0044427	1.552e-02	1.976e-04	3.857e-03
1	GO:0000139	1.561e-02	2.010e-04	3.917e-03
1	GO:0030662	1.579e-02	2.070e-04	4.025e-03
1	GO:0005047	1.583e-02	2.082e-04	4.041e-03
1	GO:0030509	1.585e-02	2.090e-04	4.050e-03
1	GO:0045786	1.589e-02	2.102e-04	4.065e-03
1	GO:0003690	1.599e-02	2.138e-04	4.126e-03
1	GO:0021983	1.613e-02	2.184e-04	4.208e-03
1	GO:0001704	1.619e-02	2.210e-04	4.251e-03
1	GO:0060562	1.624e-02	2.227e-04	4.274e-03
1	GO:0017148	1.636e-02	2.279e-04	4.367e-03
1	GO:0018107	1.645e-02	2.316e-04	4.428e-03
1	GO:0021695	1.649e-02	2.334e-04	4.456e-03
1	GO:0019902	1.658e-02	2.372e-04	4.520e-03
1	GO:0035115	1.665e-02	2.419e-04	4.601e-03
1	GO:0031966	1.678e-02	2.472e-04	4.694e-03
1	GO:0016455	1.688e-02	2.511e-04	4.759e-03
1	GO:0006470	1.693e-02	2.534e-04	4.793e-03
1	GO:0002039	1.702e-02	2.572e-04	4.857e-03
1	GO:0008219	1.710e-02	2.603e-04	4.905e-03
1	GO:0051100	1.739e-02	2.714e-04	5.105e-03
1	GO:0005083	1.744e-02	2.736e-04	5.135e-03
1	GO:0016538	1.745e-02	2.740e-04	5.135e-03
1	GO:0031301	1.746e-02	2.745e-04	5.135e-03
1	GO:0005245	1.752e-02	2.775e-04	5.182e-03
1	GO:0032570	1.761e-02	2.809e-04	5.236e-03
1	GO:0007265	1.773e-02	2.874e-04	5.348e-03
1	GO:0004675	1.781e-02	2.898e-04	5.373e-03
1	GO:0005024	1.781e-02	2.898e-04	5.373e-03
1	GO:0048185	1.787e-02	2.917e-04	5.398e-03
1	GO:0044419	1.797e-02	2.958e-04	5.465e-03
1	GO:0014037	1.800e-02	2.963e-04	5.465e-03
1	GO:0060393	1.803e-02	2.981e-04	5.488e-03
1	GO:0007044	1.826e-02	3.106e-04	5.700e-03
1	GO:0019887	1.827e-02	3.108e-04	5.700e-03
1	GO:0035136	1.835e-02	3.143e-04	5.755e-03
1	GO:0014910	1.838e-02	3.169e-04	5.791e-03
1	GO:0051789	1.840e-02	3.177e-04	5.796e-03
1	GO:0005158	1.847e-02	3.220e-04	5.865e-03
1	GO:0021884	1.874e-02	3.332e-04	6.058e-03
1	GO:0048565	1.880e-02	3.360e-04	6.098e-03
1	GO:0035265	1.887e-02	3.386e-04	6.121e-03
1	GO:0035304	1.887e-02	3.390e-04	6.121e-03
1	GO:0050768	1.888e-02	3.391e-04	6.121e-03
1	GO:0048710	1.905e-02	3.472e-04	6.254e-03
1	GO:0035091	1.906e-02	3.476e-04	6.254e-03
1	GO:0070887	1.916e-02	3.514e-04	6.310e-03
1	GO:0022613	1.939e-02	3.644e-04	6.533e-03
1	GO:0010941	1.951e-02	3.716e-04	6.651e-03
1	GO:0043021	1.969e-02	3.813e-04	6.802e-03
1	GO:0043549	1.969e-02	3.814e-04	6.802e-03
1	GO:0043087	1.973e-02	3.829e-04	6.817e-03
1	GO:0021517	1.977e-02	3.846e-04	6.835e-03
1	GO:0051721	1.979e-02	3.854e-04	6.837e-03
1	GO:0001707	2.002e-02	3.973e-04	7.037e-03
1	GO:0043067	2.008e-02	4.021e-04	7.109e-03
1	GO:0045947	2.017e-02	4.063e-04	7.172e-03
1	GO:0001508	2.039e-02	4.186e-04	7.376e-03
1	GO:0051338	2.050e-02	4.236e-04	7.452e-03
1	GO:0000792	2.068e-02	4.337e-04	7.608e-03
1	GO:0021700	2.068e-02	4.339e-04	7.608e-03
1	GO:0043392	2.083e-02	4.431e-04	7.755e-03
1	GO:0016605	2.090e-02	4.463e-04	7.792e-03
1	GO:0042254	2.090e-02	4.468e-04	7.792e-03
1	GO:0003706	2.111e-02	4.602e-04	8.014e-03
1	GO:0031128	2.114e-02	4.624e-04	8.024e-03
1	GO:0045168	2.114e-02	4.624e-04	8.024e-03
1	GO:0007272	2.117e-02	4.640e-04	8.026e-03
1	GO:0008366	2.117e-02	4.640e-04	8.026e-03
1	GO:0031344	2.122e-02	4.664e-04	8.054e-03
1	GO:0003735	2.132e-02	4.735e-04	8.149e-03
1	GO:0003674	2.133e-02	4.735e-04	8.149e-03
1	GO:0005057	2.135e-02	4.752e-04	8.163e-03
1	GO:0001843	2.139e-02	4.787e-04	8.197e-03
1	GO:0060606	2.139e-02	4.787e-04	8.197e-03
1	GO:0034236	2.151e-02	4.858e-04	8.295e-03
1	GO:0032434	2.151e-02	4.860e-04	8.295e-03
1	GO:0018210	2.175e-02	4.996e-04	8.512e-03
1	GO:0030514	2.180e-02	5.023e-04	8.537e-03
1	GO:0001578	2.181e-02	5.027e-04	8.537e-03
1	GO:0030695	2.183e-02	5.042e-04	8.549e-03
1	GO:0033673	2.191e-02	5.089e-04	8.587e-03
1	GO:0000280	2.192e-02	5.090e-04	8.587e-03
1	GO:0007067	2.192e-02	5.090e-04	8.587e-03
1	GO:0043204	2.195e-02	5.112e-04	8.610e-03
1	GO:0019783	2.201e-02	5.159e-04	8.676e-03
1	GO:0004714	2.212e-02	5.227e-04	8.776e-03
1	GO:0048285	2.217e-02	5.253e-04	8.804e-03
1	GO:0060589	2.223e-02	5.278e-04	8.832e-03
1	GO:0021522	2.230e-02	5.325e-04	8.896e-03
1	GO:0032259	2.246e-02	5.430e-04	9.057e-03
1	GO:0009880	2.249e-02	5.450e-04	9.076e-03
1	GO:0034621	2.263e-02	5.549e-04	9.225e-03
1	GO:0021795	2.272e-02	5.598e-04	9.280e-03
1	GO:0045202	2.272e-02	5.599e-04	9.280e-03
1	GO:0006986	2.304e-02	5.819e-04	9.628e-03
1	GO:0070934	2.333e-02	6.001e-04	9.897e-03
1	GO:0070937	2.333e-02	6.001e-04	9.897e-03
1	GO:0004936	2.341e-02	6.045e-04	9.953e-03
1	GO:0031434	2.356e-02	6.151e-04	1.011e-02
1	GO:0022029	2.360e-02	6.178e-04	1.014e-02
1	GO:0035246	2.367e-02	6.220e-04	1.019e-02
1	GO:0051130	2.383e-02	6.324e-04	1.035e-02
1	GO:0017119	2.396e-02	6.424e-04	1.048e-02
1	GO:0031398	2.396e-02	6.425e-04	1.048e-02
1	GO:0050770	2.398e-02	6.438e-04	1.048e-02
1	GO:0040012	2.401e-02	6.457e-04	1.050e-02
1	GO:0035116	2.412e-02	6.546e-04	1.063e-02
1	GO:0005005	2.435e-02	6.736e-04	1.092e-02
1	GO:0016273	2.447e-02	6.824e-04	1.103e-02
1	GO:0016274	2.447e-02	6.824e-04	1.103e-02
1	GO:0000123	2.462e-02	6.954e-04	1.121e-02
1	GO:0032452	2.463e-02	6.958e-04	1.121e-02
1	GO:0051348	2.474e-02	7.037e-04	1.132e-02
1	GO:0042981	2.482e-02	7.095e-04	1.139e-02
1	GO:0001952	2.490e-02	7.145e-04	1.145e-02
1	GO:0008017	2.491e-02	7.153e-04	1.145e-02
1	GO:0000087	2.502e-02	7.224e-04	1.155e-02
1	GO:0050769	2.524e-02	7.389e-04	1.178e-02
1	GO:0012501	2.527e-02	7.411e-04	1.178e-02
1	GO:0042552	2.528e-02	7.416e-04	1.178e-02
1	GO:0008320	2.529e-02	7.419e-04	1.178e-02
1	GO:0030949	2.536e-02	7.471e-04	1.185e-02
1	GO:0030516	2.542e-02	7.527e-04	1.192e-02
1	GO:0051272	2.577e-02	7.800e-04	1.233e-02
1	GO:0001892	2.585e-02	7.851e-04	1.239e-02
1	GO:0004860	2.590e-02	7.887e-04	1.243e-02
1	GO:0042975	2.625e-02	8.200e-04	1.290e-02
1	GO:0006611	2.627e-02	8.221e-04	1.292e-02
1	GO:0016410	2.630e-02	8.244e-04	1.293e-02
1	GO:0045667	2.643e-02	8.334e-04	1.306e-02
1	GO:0043374	2.649e-02	8.376e-04	1.309e-02
1	GO:0005635	2.649e-02	8.380e-04	1.309e-02
1	GO:0001838	2.663e-02	8.487e-04	1.323e-02
1	GO:0019903	2.669e-02	8.531e-04	1.328e-02
1	GO:0005891	2.685e-02	8.666e-04	1.347e-02
1	GO:0048168	2.696e-02	8.763e-04	1.360e-02
1	GO:0030501	2.709e-02	8.882e-04	1.375e-02
1	GO:0070169	2.709e-02	8.882e-04	1.375e-02
1	GO:0045454	2.715e-02	8.934e-04	1.381e-02
1	GO:0043254	2.719e-02	8.967e-04	1.383e-02
1	GO:0045930	2.720e-02	8.981e-04	1.383e-02
1	GO:0031519	2.721e-02	8.992e-04	1.383e-02
1	GO:0006891	2.736e-02	9.120e-04	1.401e-02
1	GO:0046822	2.743e-02	9.183e-04	1.409e-02
1	GO:0030659	2.764e-02	9.377e-04	1.436e-02
1	GO:0030947	2.814e-02	9.841e-04	1.505e-02
1	GO:0016741	2.832e-02	9.997e-04	1.527e-02
1	GO:0035282	2.836e-02	1.003e-03	1.530e-02
1	GO:0009612	2.839e-02	1.006e-03	1.532e-02
1	GO:0014014	2.846e-02	1.013e-03	1.538e-02
1	GO:0045686	2.846e-02	1.013e-03	1.538e-02
1	GO:0006338	2.865e-02	1.031e-03	1.551e-02
1	GO:0019049	2.865e-02	1.031e-03	1.551e-02
1	GO:0044413	2.865e-02	1.031e-03	1.551e-02
1	GO:0044415	2.865e-02	1.031e-03	1.551e-02
1	GO:0051832	2.865e-02	1.031e-03	1.551e-02
1	GO:0051834	2.865e-02	1.031e-03	1.551e-02
1	GO:0045634	2.868e-02	1.035e-03	1.551e-02
1	GO:0050932	2.868e-02	1.035e-03	1.551e-02
1	GO:0007183	2.869e-02	1.035e-03	1.551e-02
1	GO:0008150	2.878e-02	1.045e-03	1.563e-02
1	GO:0021954	2.885e-02	1.050e-03	1.568e-02
1	GO:0008168	2.900e-02	1.064e-03	1.587e-02
1	GO:0043933	2.903e-02	1.067e-03	1.589e-02
1	GO:0015631	2.904e-02	1.068e-03	1.589e-02
1	GO:0048562	2.914e-02	1.080e-03	1.604e-02
1	GO:0001841	2.928e-02	1.093e-03	1.620e-02
1	GO:0051098	2.933e-02	1.098e-03	1.626e-02
1	GO:0035306	2.938e-02	1.103e-03	1.629e-02
1	GO:0035307	2.938e-02	1.103e-03	1.629e-02
1	GO:0034660	2.948e-02	1.114e-03	1.643e-02
1	GO:0014013	2.954e-02	1.121e-03	1.651e-02
1	GO:0006446	2.962e-02	1.130e-03	1.662e-02
1	GO:0043113	2.967e-02	1.136e-03	1.668e-02
1	GO:0048712	2.968e-02	1.137e-03	1.668e-02
1	GO:0031330	3.025e-02	1.192e-03	1.746e-02
1	GO:0006469	3.060e-02	1.229e-03	1.797e-02
1	GO:0034086	3.073e-02	1.243e-03	1.812e-02
1	GO:0034088	3.073e-02	1.243e-03	1.812e-02
1	GO:0048701	3.096e-02	1.270e-03	1.849e-02
1	GO:0016072	3.113e-02	1.291e-03	1.876e-02
1	GO:0004926	3.121e-02	1.298e-03	1.884e-02
1	GO:0070723	3.132e-02	1.309e-03	1.898e-02
1	GO:0004683	3.138e-02	1.317e-03	1.906e-02
1	GO:0000226	3.153e-02	1.334e-03	1.929e-02
1	GO:0008469	3.156e-02	1.337e-03	1.930e-02
1	GO:0004016	3.159e-02	1.341e-03	1.931e-02
1	GO:0051216	3.159e-02	1.341e-03	1.931e-02
1	GO:0060548	3.174e-02	1.355e-03	1.948e-02
1	GO:0004935	3.180e-02	1.361e-03	1.954e-02
1	GO:0006897	3.185e-02	1.367e-03	1.957e-02
1	GO:0010324	3.185e-02	1.367e-03	1.957e-02
1	GO:0007064	3.191e-02	1.373e-03	1.963e-02
1	GO:0043497	3.197e-02	1.380e-03	1.971e-02
1	GO:0009953	3.205e-02	1.389e-03	1.980e-02
1	GO:0048041	3.207e-02	1.391e-03	1.980e-02
1	GO:0003724	3.230e-02	1.416e-03	2.014e-02
1	GO:0001840	3.261e-02	1.452e-03	2.061e-02
1	GO:0048487	3.263e-02	1.455e-03	2.062e-02
1	GO:0003729	3.266e-02	1.459e-03	2.066e-02
1	GO:0008190	3.288e-02	1.484e-03	2.098e-02
1	GO:0010828	3.299e-02	1.498e-03	2.112e-02
1	GO:0046326	3.299e-02	1.498e-03	2.112e-02
1	GO:0006458	3.321e-02	1.528e-03	2.152e-02
1	GO:0007530	3.323e-02	1.530e-03	2.152e-02
1	GO:0070873	3.335e-02	1.544e-03	2.169e-02
1	GO:0019207	3.337e-02	1.547e-03	2.170e-02
1	GO:0060349	3.351e-02	1.565e-03	2.192e-02
1	GO:0021799	3.353e-02	1.567e-03	2.192e-02
1	GO:0018193	3.366e-02	1.582e-03	2.210e-02
1	GO:0008187	3.390e-02	1.615e-03	2.252e-02
1	GO:0016251	3.396e-02	1.620e-03	2.257e-02
1	GO:0030335	3.407e-02	1.637e-03	2.273e-02
1	GO:0000956	3.410e-02	1.640e-03	2.273e-02
1	GO:0006479	3.410e-02	1.640e-03	2.273e-02
1	GO:0008213	3.410e-02	1.640e-03	2.273e-02
1	GO:0010762	3.414e-02	1.645e-03	2.273e-02
1	GO:0010763	3.414e-02	1.645e-03	2.273e-02
1	GO:0010001	3.421e-02	1.653e-03	2.281e-02
1	GO:0005520	3.423e-02	1.656e-03	2.282e-02
1	GO:0070411	3.436e-02	1.673e-03	2.303e-02
1	GO:0001649	3.443e-02	1.682e-03	2.312e-02
1	GO:0009799	3.460e-02	1.701e-03	2.330e-02
1	GO:0009855	3.460e-02	1.701e-03	2.330e-02
1	GO:0031334	3.460e-02	1.702e-03	2.330e-02
1	GO:0045859	3.464e-02	1.707e-03	2.332e-02
1	GO:0019919	3.468e-02	1.713e-03	2.332e-02
1	GO:0035242	3.468e-02	1.713e-03	2.332e-02
1	GO:0035247	3.468e-02	1.713e-03	2.332e-02
1	GO:0032436	3.477e-02	1.725e-03	2.346e-02
1	GO:0009798	3.487e-02	1.739e-03	2.362e-02
1	GO:0000155	3.504e-02	1.759e-03	2.380e-02
1	GO:0004673	3.504e-02	1.759e-03	2.380e-02
1	GO:0034708	3.507e-02	1.764e-03	2.380e-02
1	GO:0035097	3.507e-02	1.764e-03	2.380e-02
1	GO:0008022	3.507e-02	1.764e-03	2.380e-02
1	GO:0043069	3.513e-02	1.772e-03	2.387e-02
1	GO:0042127	3.521e-02	1.780e-03	2.396e-02
1	GO:0001993	3.524e-02	1.785e-03	2.399e-02
1	GO:0035089	3.530e-02	1.794e-03	2.408e-02
1	GO:0006915	3.532e-02	1.797e-03	2.408e-02
1	GO:0008284	3.547e-02	1.816e-03	2.431e-02
1	GO:0021532	3.549e-02	1.819e-03	2.433e-02
1	GO:0043467	3.564e-02	1.843e-03	2.460e-02
1	GO:0048339	3.573e-02	1.857e-03	2.476e-02
1	GO:0015812	3.575e-02	1.859e-03	2.476e-02
1	GO:0001944	3.620e-02	1.923e-03	2.558e-02
1	GO:0030118	3.627e-02	1.932e-03	2.567e-02
1	GO:0000790	3.658e-02	1.980e-03	2.626e-02
1	GO:0010746	3.673e-02	2.003e-03	2.651e-02
1	GO:0010748	3.673e-02	2.003e-03	2.651e-02
1	GO:0032947	3.682e-02	2.016e-03	2.664e-02
1	GO:0043488	3.693e-02	2.031e-03	2.681e-02
1	GO:0032386	3.715e-02	2.065e-03	2.721e-02
1	GO:0004886	3.724e-02	2.077e-03	2.735e-02
1	GO:0046627	3.729e-02	2.087e-03	2.744e-02
1	GO:0000228	3.732e-02	2.092e-03	2.747e-02
1	GO:0033554	3.741e-02	2.105e-03	2.761e-02
1	GO:0043066	3.744e-02	2.110e-03	2.763e-02
1	GO:0031346	3.753e-02	2.124e-03	2.779e-02
1	GO:0001764	3.759e-02	2.135e-03	2.786e-02
1	GO:0031625	3.760e-02	2.135e-03	2.786e-02
1	GO:0006402	3.780e-02	2.166e-03	2.823e-02
1	GO:0035088	3.781e-02	2.169e-03	2.823e-02
1	GO:0004725	3.793e-02	2.185e-03	2.839e-02
1	GO:0051291	3.794e-02	2.187e-03	2.839e-02
1	GO:0004438	3.797e-02	2.191e-03	2.840e-02
1	GO:0070412	3.816e-02	2.220e-03	2.875e-02
1	GO:0050772	3.819e-02	2.224e-03	2.876e-02
1	GO:0045176	3.836e-02	2.251e-03	2.908e-02
1	GO:0043623	3.863e-02	2.293e-03	2.958e-02
1	GO:0033365	3.897e-02	2.350e-03	3.024e-02
1	GO:0019220	3.899e-02	2.353e-03	3.024e-02
1	GO:0051174	3.899e-02	2.353e-03	3.024e-02
1	GO:0034470	3.914e-02	2.374e-03	3.044e-02
1	GO:0050804	3.915e-02	2.374e-03	3.044e-02
1	GO:0090003	3.925e-02	2.390e-03	3.060e-02
1	GO:0050790	3.937e-02	2.408e-03	3.080e-02
1	GO:0015018	3.941e-02	2.415e-03	3.084e-02
1	GO:0021772	3.952e-02	2.435e-03	3.107e-02
1	GO:0035235	3.967e-02	2.461e-03	3.130e-02
1	GO:0005979	3.970e-02	2.466e-03	3.130e-02
1	GO:0010962	3.970e-02	2.466e-03	3.130e-02
1	GO:0032885	3.970e-02	2.466e-03	3.130e-02
1	GO:0004843	3.982e-02	2.488e-03	3.154e-02
1	GO:0007368	3.993e-02	2.507e-03	3.175e-02
1	GO:0042800	3.996e-02	2.512e-03	3.178e-02
1	GO:0032881	4.007e-02	2.530e-03	3.196e-02
1	GO:0042641	4.025e-02	2.561e-03	3.231e-02
1	GO:0030903	4.030e-02	2.569e-03	3.237e-02
1	GO:0032239	4.042e-02	2.593e-03	3.263e-02
1	GO:0030331	4.054e-02	2.612e-03	3.283e-02
1	GO:0030117	4.073e-02	2.646e-03	3.318e-02
1	GO:0048475	4.073e-02	2.646e-03	3.318e-02
1	GO:0021511	4.095e-02	2.685e-03	3.363e-02
1	GO:0031588	4.100e-02	2.692e-03	3.364e-02
1	GO:0008294	4.102e-02	2.695e-03	3.364e-02
1	GO:0030672	4.103e-02	2.696e-03	3.364e-02
1	GO:0051084	4.116e-02	2.718e-03	3.383e-02
1	GO:0048471	4.116e-02	2.718e-03	3.383e-02
1	GO:0043537	4.117e-02	2.720e-03	3.383e-02
1	GO:0042803	4.120e-02	2.725e-03	3.384e-02
1	GO:0048593	4.129e-02	2.741e-03	3.397e-02
1	GO:0005072	4.130e-02	2.742e-03	3.397e-02
1	GO:0034502	4.138e-02	2.757e-03	3.407e-02
1	GO:0070198	4.138e-02	2.757e-03	3.407e-02
1	GO:0018209	4.148e-02	2.775e-03	3.425e-02
1	GO:0043535	4.160e-02	2.798e-03	3.450e-02
1	GO:0005010	4.166e-02	2.808e-03	3.455e-02
1	GO:0006364	4.167e-02	2.808e-03	3.455e-02
1	GO:0051094	4.170e-02	2.815e-03	3.459e-02
1	GO:0000421	4.182e-02	2.835e-03	3.479e-02
1	GO:0005813	4.197e-02	2.860e-03	3.505e-02
1	GO:0006405	4.213e-02	2.889e-03	3.536e-02
1	GO:0001829	4.218e-02	2.898e-03	3.544e-02
1	GO:0046930	4.220e-02	2.901e-03	3.544e-02
1	GO:0060198	4.221e-02	2.905e-03	3.544e-02
1	GO:0021697	4.231e-02	2.920e-03	3.558e-02
1	GO:0048547	4.235e-02	2.928e-03	3.563e-02
1	GO:0008105	4.245e-02	2.946e-03	3.578e-02
1	GO:0060017	4.246e-02	2.947e-03	3.578e-02
1	GO:0048570	4.249e-02	2.954e-03	3.580e-02
1	GO:0017111	4.250e-02	2.955e-03	3.580e-02
1	GO:0051248	4.252e-02	2.959e-03	3.580e-02
1	GO:0007611	4.280e-02	3.013e-03	3.641e-02
1	GO:0032116	4.285e-02	3.023e-03	3.649e-02
1	GO:0005798	4.316e-02	3.077e-03	3.709e-02
1	GO:0004386	4.317e-02	3.080e-03	3.709e-02
1	GO:0048664	4.346e-02	3.130e-03	3.765e-02
1	GO:0004740	4.350e-02	3.137e-03	3.769e-02
1	GO:0006260	4.358e-02	3.153e-03	3.784e-02
1	GO:0031331	4.363e-02	3.162e-03	3.790e-02
1	GO:0016462	4.378e-02	3.192e-03	3.822e-02
1	GO:0033627	4.387e-02	3.213e-03	3.838e-02
1	GO:0001947	4.388e-02	3.213e-03	3.838e-02
1	GO:0014051	4.391e-02	3.221e-03	3.843e-02
1	GO:0006984	4.399e-02	3.236e-03	3.856e-02
1	GO:0048167	4.412e-02	3.259e-03	3.879e-02
1	GO:0016607	4.417e-02	3.269e-03	3.886e-02
1	GO:0032507	4.430e-02	3.295e-03	3.913e-02
1	GO:0009791	4.459e-02	3.350e-03	3.974e-02
1	GO:0048340	4.468e-02	3.368e-03	3.990e-02
1	GO:0008026	4.485e-02	3.399e-03	4.018e-02
1	GO:0070035	4.485e-02	3.399e-03	4.018e-02
1	GO:0030855	4.498e-02	3.428e-03	4.048e-02
1	GO:0030427	4.500e-02	3.433e-03	4.049e-02
1	GO:0051897	4.506e-02	3.448e-03	4.063e-02
1	GO:0005874	4.513e-02	3.464e-03	4.074e-02
1	GO:0017038	4.514e-02	3.466e-03	4.074e-02
1	GO:0003743	4.521e-02	3.479e-03	4.085e-02
1	GO:0019210	4.531e-02	3.502e-03	4.107e-02
1	GO:0005905	4.555e-02	3.548e-03	4.156e-02
1	GO:0000279	4.577e-02	3.593e-03	4.204e-02
1	GO:0006367	4.582e-02	3.606e-03	4.214e-02
1	GO:0043010	4.586e-02	3.615e-03	4.220e-02
1	GO:0032535	4.593e-02	3.630e-03	4.232e-02
1	GO:0007616	4.597e-02	3.637e-03	4.236e-02
1	GO:0006892	4.599e-02	3.641e-03	4.236e-02
1	GO:0022612	4.620e-02	3.686e-03	4.284e-02
1	GO:0070016	4.625e-02	3.697e-03	4.291e-02
1	GO:0034703	4.629e-02	3.705e-03	4.296e-02
1	GO:0051385	4.632e-02	3.711e-03	4.298e-02
1	GO:0045773	4.635e-02	3.716e-03	4.299e-02
1	GO:0030133	4.642e-02	3.732e-03	4.313e-02
1	GO:0016577	4.645e-02	3.738e-03	4.315e-02
1	GO:0014912	4.649e-02	3.745e-03	4.318e-02
1	GO:0022618	4.651e-02	3.750e-03	4.319e-02
1	GO:0035272	4.664e-02	3.779e-03	4.348e-02
1	GO:0070875	4.668e-02	3.789e-03	4.354e-02
1	GO:0007440	4.718e-02	3.896e-03	4.469e-02
1	GO:0000083	4.719e-02	3.898e-03	4.469e-02
1	GO:0005071	4.729e-02	3.917e-03	4.486e-02
1	GO:0001568	4.739e-02	3.950e-03	4.519e-02
1	GO:0032204	4.747e-02	3.969e-03	4.536e-02
1	GO:0006098	4.769e-02	4.020e-03	4.589e-02
1	GO:0006473	4.772e-02	4.027e-03	4.592e-02
1	GO:0031397	4.783e-02	4.048e-03	4.611e-02
1	GO:0004594	4.793e-02	4.083e-03	4.646e-02
1	GO:0004169	4.813e-02	4.123e-03	4.686e-02
1	GO:0003828	4.825e-02	4.152e-03	4.713e-02
1	GO:0031369	4.828e-02	4.160e-03	4.714e-02
1	GO:0008013	4.829e-02	4.162e-03	4.714e-02
1	GO:0042063	4.837e-02	4.177e-03	4.727e-02
1	GO:0008589	4.846e-02	4.197e-03	4.744e-02
1	GO:0007569	4.855e-02	4.218e-03	4.763e-02
1	GO:0032927	4.864e-02	4.237e-03	4.779e-02
1	GO:0048070	4.872e-02	4.255e-03	4.794e-02
1	GO:0048009	4.879e-02	4.272e-03	4.808e-02
1	GO:0016818	4.882e-02	4.279e-03	4.811e-02
1	GO:0033043	4.891e-02	4.309e-03	4.839e-02
1	GO:0030424	4.927e-02	4.392e-03	4.926e-02
1	GO:0034330	4.947e-02	4.434e-03	4.968e-02
1	GO:0000149	4.955e-02	4.454e-03	4.986e-02
2	GO:0005622	4.119e-05	8.479e-08	2.904e-05
2	GO:0044424	6.908e-05	8.479e-08	2.904e-05
2	GO:0019222	1.309e-04	8.479e-08	2.904e-05
2	GO:0031323	1.733e-04	8.479e-08	2.904e-05
2	GO:0030528	2.287e-04	8.479e-08	2.904e-05
2	GO:0003700	2.559e-04	8.479e-08	2.904e-05
2	GO:0043226	2.569e-04	8.479e-08	2.904e-05
2	GO:0043229	2.783e-04	8.479e-08	2.904e-05
2	GO:0005488	2.918e-04	8.479e-08	2.904e-05
2	GO:0010468	3.424e-04	8.479e-08	2.904e-05
2	GO:0005634	3.762e-04	8.479e-08	2.904e-05
2	GO:0080090	5.227e-04	8.479e-08	2.904e-05
2	GO:0031326	5.971e-04	8.479e-08	2.904e-05
2	GO:0009889	5.988e-04	8.479e-08	2.904e-05
2	GO:0006355	6.244e-04	8.479e-08	2.904e-05
2	GO:0060255	7.048e-04	8.479e-08	2.904e-05
2	GO:0007275	7.135e-04	8.479e-08	2.904e-05
2	GO:0045449	7.137e-04	8.479e-08	2.904e-05
2	GO:0043227	7.301e-04	8.479e-08	2.904e-05
2	GO:0043231	7.959e-04	8.479e-08	2.904e-05
2	GO:0032502	9.370e-04	8.479e-08	2.904e-05
2	GO:0010556	1.110e-03	8.479e-08	2.904e-05
2	GO:0005654	1.248e-03	8.479e-08	2.904e-05
2	GO:0005515	1.312e-03	8.479e-08	2.904e-05
2	GO:0048731	1.405e-03	8.479e-08	2.904e-05
2	GO:0044260	1.452e-03	8.479e-08	2.904e-05
2	GO:0044428	1.475e-03	8.479e-08	2.904e-05
2	GO:0034960	1.511e-03	8.479e-08	2.904e-05
2	GO:0031981	1.765e-03	8.479e-08	2.904e-05
2	GO:0019219	1.835e-03	8.479e-08	2.904e-05
2	GO:0051171	1.850e-03	8.479e-08	2.904e-05
2	GO:0048856	1.894e-03	8.479e-08	2.904e-05
2	GO:0043565	1.966e-03	8.479e-08	2.904e-05
2	GO:0006357	2.246e-03	1.696e-07	5.324e-05
2	GO:0007389	2.265e-03	1.696e-07	5.324e-05
2	GO:0048705	2.299e-03	1.696e-07	5.324e-05
2	GO:0048518	2.876e-03	4.239e-07	1.295e-04
2	GO:0043170	3.311e-03	8.479e-07	2.457e-04
2	GO:0048513	3.408e-03	8.479e-07	2.457e-04
2	GO:0070013	4.258e-03	1.272e-06	3.423e-04
2	GO:0048468	4.270e-03	1.272e-06	3.423e-04
2	GO:0044451	4.273e-03	1.272e-06	3.423e-04
2	GO:0043283	4.315e-03	1.526e-06	4.012e-04
2	GO:0030154	4.724e-03	1.781e-06	4.574e-04
2	GO:0009892	5.053e-03	1.950e-06	4.898e-04
2	GO:0048869	5.203e-03	2.205e-06	5.417e-04
2	GO:0003002	5.329e-03	2.374e-06	5.710e-04
2	GO:0065007	5.386e-03	2.798e-06	6.082e-04
2	GO:0022008	5.493e-03	2.798e-06	6.082e-04
2	GO:0044267	5.533e-03	2.798e-06	6.082e-04
2	GO:0048522	5.555e-03	2.798e-06	6.082e-04
2	GO:0009790	5.569e-03	2.798e-06	6.082e-04
2	GO:0007399	5.595e-03	2.968e-06	6.099e-04
2	GO:0050789	5.608e-03	2.968e-06	6.099e-04
2	GO:0048523	5.646e-03	2.968e-06	6.099e-04
2	GO:0009887	6.048e-03	3.646e-06	7.359e-04
2	GO:0003682	6.482e-03	4.324e-06	8.575e-04
2	GO:0043233	6.669e-03	4.918e-06	9.584e-04
2	GO:0051252	6.963e-03	5.426e-06	1.040e-03
2	GO:0031324	7.216e-03	5.850e-06	1.084e-03
2	GO:0016568	7.219e-03	5.850e-06	1.084e-03
2	GO:0003676	7.687e-03	7.122e-06	1.298e-03
2	GO:0010605	7.897e-03	8.055e-06	1.445e-03
2	GO:0031974	8.290e-03	8.903e-06	1.572e-03
2	GO:0060349	8.519e-03	9.920e-06	1.725e-03
2	GO:0003677	8.626e-03	1.009e-05	1.728e-03
2	GO:0050794	9.237e-03	1.162e-05	1.960e-03
2	GO:0005737	1.004e-02	1.458e-05	2.424e-03
2	GO:0048519	1.057e-02	1.653e-05	2.709e-03
2	GO:0007271	1.117e-02	1.976e-05	3.172e-03
2	GO:0009653	1.123e-02	1.993e-05	3.172e-03
2	GO:0004672	1.150e-02	2.145e-05	3.322e-03
2	GO:0009890	1.150e-02	2.145e-05	3.322e-03
2	GO:0010629	1.160e-02	2.188e-05	3.341e-03
2	GO:0010604	1.186e-02	2.374e-05	3.578e-03
2	GO:0042802	1.193e-02	2.450e-05	3.644e-03
2	GO:0010828	1.232e-02	2.645e-05	3.834e-03
2	GO:0046326	1.232e-02	2.645e-05	3.834e-03
2	GO:0006996	1.265e-02	2.823e-05	4.040e-03
2	GO:0044238	1.322e-02	3.290e-05	4.617e-03
2	GO:0051172	1.327e-02	3.324e-05	4.617e-03
2	GO:0031327	1.332e-02	3.349e-05	4.617e-03
2	GO:0016773	1.339e-02	3.400e-05	4.630e-03
2	GO:0010827	1.366e-02	3.671e-05	4.940e-03
2	GO:0045934	1.403e-02	4.070e-05	5.371e-03
2	GO:0046324	1.408e-02	4.087e-05	5.371e-03
2	GO:0010467	1.445e-02	4.409e-05	5.728e-03
2	GO:0048699	1.454e-02	4.511e-05	5.794e-03
2	GO:0009893	1.464e-02	4.596e-05	5.837e-03
2	GO:0009952	1.501e-02	4.867e-05	6.112e-03
2	GO:0010558	1.553e-02	5.528e-05	6.867e-03
2	GO:0016301	1.604e-02	6.190e-05	7.605e-03
2	GO:0031325	1.620e-02	6.435e-05	7.697e-03
2	GO:0010628	1.623e-02	6.486e-05	7.697e-03
2	GO:0044237	1.623e-02	6.495e-05	7.697e-03
2	GO:0016481	1.626e-02	6.537e-05	7.697e-03
2	GO:0043235	1.632e-02	6.630e-05	7.726e-03
2	GO:0019538	1.643e-02	6.792e-05	7.833e-03
2	GO:0048704	1.653e-02	6.893e-05	7.870e-03
2	GO:0006464	1.693e-02	7.377e-05	8.338e-03
2	GO:0030182	1.736e-02	8.013e-05	8.967e-03
2	GO:0006414	1.832e-02	9.420e-05	1.044e-02
2	GO:0004674	1.845e-02	9.615e-05	1.055e-02
2	GO:0042393	1.878e-02	1.022e-04	1.110e-02
2	GO:0007264	1.893e-02	1.040e-04	1.120e-02
2	GO:0043687	1.898e-02	1.051e-04	1.120e-02
2	GO:0045944	1.944e-02	1.154e-04	1.219e-02
2	GO:0006412	1.962e-02	1.185e-04	1.241e-02
2	GO:0043412	2.005e-02	1.257e-04	1.304e-02
2	GO:0008152	2.043e-02	1.346e-04	1.383e-02
2	GO:0045892	2.070e-02	1.408e-04	1.434e-02
2	GO:0051253	2.081e-02	1.435e-04	1.447e-02
2	GO:0044422	2.084e-02	1.446e-04	1.447e-02
2	GO:0045935	2.119e-02	1.530e-04	1.517e-02
2	GO:0045941	2.216e-02	1.744e-04	1.714e-02
2	GO:0042054	2.279e-02	1.907e-04	1.858e-02
2	GO:0022626	2.412e-02	2.327e-04	2.248e-02
2	GO:0008380	2.423e-02	2.352e-04	2.253e-02
2	GO:0051173	2.470e-02	2.497e-04	2.372e-02
2	GO:0044446	2.562e-02	2.812e-04	2.649e-02
2	GO:0016043	2.623e-02	3.009e-04	2.811e-02
2	GO:0006468	2.679e-02	3.204e-04	2.969e-02
2	GO:0008276	2.782e-02	3.615e-04	3.322e-02
2	GO:0009968	2.797e-02	3.672e-04	3.347e-02
2	GO:0016070	2.830e-02	3.790e-04	3.427e-02
2	GO:0010557	2.844e-02	3.843e-04	3.448e-02
2	GO:0045595	2.861e-02	3.923e-04	3.466e-02
2	GO:0009891	2.862e-02	3.925e-04	3.466e-02
2	GO:0060284	3.012e-02	4.579e-04	3.996e-02
2	GO:0030529	3.019e-02	4.620e-04	3.996e-02
2	GO:0031328	3.022e-02	4.631e-04	3.996e-02
2	GO:0019904	3.042e-02	4.721e-04	4.017e-02
2	GO:0007420	3.043e-02	4.727e-04	4.017e-02
2	GO:0005730	3.056e-02	4.774e-04	4.027e-02
2	GO:0048598	3.097e-02	4.971e-04	4.162e-02
2	GO:0050793	3.109e-02	5.025e-04	4.171e-02
2	GO:0000079	3.122e-02	5.096e-04	4.171e-02
2	GO:0004889	3.126e-02	5.129e-04	4.171e-02
2	GO:0005892	3.126e-02	5.129e-04	4.171e-02
2	GO:0022627	3.149e-02	5.253e-04	4.241e-02
2	GO:0006338	3.179e-02	5.408e-04	4.335e-02
2	GO:0060350	3.228e-02	5.664e-04	4.509e-02
3	GO:0043565	4.979e-20	8.479e-08	4.110e-06
3	GO:0031326	5.038e-20	8.479e-08	4.110e-06
3	GO:0030528	5.101e-20	8.479e-08	4.110e-06
3	GO:0009889	7.267e-20	8.479e-08	4.110e-06
3	GO:0003700	9.751e-20	8.479e-08	4.110e-06
3	GO:0007275	2.264e-19	8.479e-08	4.110e-06
3	GO:0032502	7.755e-19	8.479e-08	4.110e-06
3	GO:0031323	1.641e-18	8.479e-08	4.110e-06
3	GO:0048731	2.275e-18	8.479e-08	4.110e-06
3	GO:0019222	3.636e-18	8.479e-08	4.110e-06
3	GO:0080090	6.005e-18	8.479e-08	4.110e-06
3	GO:0048856	7.501e-18	8.479e-08	4.110e-06
3	GO:0006355	8.048e-18	8.479e-08	4.110e-06
3	GO:0010556	2.086e-17	8.479e-08	4.110e-06
3	GO:0010468	2.364e-17	8.479e-08	4.110e-06
3	GO:0045449	2.477e-17	8.479e-08	4.110e-06
3	GO:0051171	2.565e-16	8.479e-08	4.110e-06
3	GO:0019219	2.737e-16	8.479e-08	4.110e-06
3	GO:0009653	3.663e-16	8.479e-08	4.110e-06
3	GO:0007399	1.160e-15	8.479e-08	4.110e-06
3	GO:0060255	1.861e-15	8.479e-08	4.110e-06
3	GO:0048513	6.619e-15	8.479e-08	4.110e-06
3	GO:0048869	6.677e-14	8.479e-08	4.110e-06
3	GO:0030154	9.039e-14	8.479e-08	4.110e-06
3	GO:0009887	1.638e-13	8.479e-08	4.110e-06
3	GO:0048468	1.719e-13	8.479e-08	4.110e-06
3	GO:0006357	2.512e-13	8.479e-08	4.110e-06
3	GO:0051252	4.846e-13	8.479e-08	4.110e-06
3	GO:0007389	1.243e-12	8.479e-08	4.110e-06
3	GO:0005622	1.518e-12	8.479e-08	4.110e-06
3	GO:0022008	2.238e-12	8.479e-08	4.110e-06
3	GO:0044424	3.075e-12	8.479e-08	4.110e-06
3	GO:0048699	9.827e-12	8.479e-08	4.110e-06
3	GO:0005515	1.239e-11	8.479e-08	4.110e-06
3	GO:0005488	2.105e-11	8.479e-08	4.110e-06
3	GO:0009790	2.113e-11	8.479e-08	4.110e-06
3	GO:0003677	4.139e-11	8.479e-08	4.110e-06
3	GO:0048523	4.152e-11	8.479e-08	4.110e-06
3	GO:0003002	5.806e-11	8.479e-08	4.110e-06
3	GO:0030182	1.203e-10	8.479e-08	4.110e-06
3	GO:0048522	1.620e-10	8.479e-08	4.110e-06
3	GO:0048519	2.566e-10	8.479e-08	4.110e-06
3	GO:0050789	2.580e-10	8.479e-08	4.110e-06
3	GO:0043226	3.130e-10	8.479e-08	4.110e-06
3	GO:0050794	4.305e-10	8.479e-08	4.110e-06
3	GO:0043229	4.433e-10	8.479e-08	4.110e-06
3	GO:0048518	1.128e-09	8.479e-08	4.110e-06
3	GO:0005634	1.231e-09	8.479e-08	4.110e-06
3	GO:0010628	1.449e-09	8.479e-08	4.110e-06
3	GO:0043231	1.484e-09	8.479e-08	4.110e-06
3	GO:0043227	1.526e-09	8.479e-08	4.110e-06
3	GO:0045935	2.180e-09	8.479e-08	4.110e-06
3	GO:0045893	2.606e-09	8.479e-08	4.110e-06
3	GO:0045941	2.622e-09	8.479e-08	4.110e-06
3	GO:0048598	2.646e-09	8.479e-08	4.110e-06
3	GO:0051173	2.806e-09	8.479e-08	4.110e-06
3	GO:0051254	3.528e-09	8.479e-08	4.110e-06
3	GO:0065007	3.721e-09	8.479e-08	4.110e-06
3	GO:0031325	4.479e-09	8.479e-08	4.110e-06
3	GO:0031328	5.168e-09	8.479e-08	4.110e-06
3	GO:0009891	7.872e-09	8.479e-08	4.110e-06
3	GO:0010604	1.012e-08	8.479e-08	4.110e-06
3	GO:0009893	1.041e-08	8.479e-08	4.110e-06
3	GO:0045595	1.392e-08	8.479e-08	4.110e-06
3	GO:0009952	1.675e-08	8.479e-08	4.110e-06
3	GO:0010557	2.071e-08	8.479e-08	4.110e-06
3	GO:0009888	2.083e-08	8.479e-08	4.110e-06
3	GO:0007417	2.175e-08	8.479e-08	4.110e-06
3	GO:0010646	2.499e-08	8.479e-08	4.110e-06
3	GO:0009892	2.997e-08	8.479e-08	4.110e-06
3	GO:0009890	3.111e-08	8.479e-08	4.110e-06
3	GO:0031327	3.847e-08	8.479e-08	4.110e-06
3	GO:0007420	5.032e-08	8.479e-08	4.110e-06
3	GO:0010629	5.082e-08	8.479e-08	4.110e-06
3	GO:0031324	5.095e-08	8.479e-08	4.110e-06
3	GO:0060284	5.956e-08	8.479e-08	4.110e-06
3	GO:0045944	7.527e-08	8.479e-08	4.110e-06
3	GO:0010605	1.113e-07	8.479e-08	4.110e-06
3	GO:0016481	1.278e-07	8.479e-08	4.110e-06
3	GO:0045892	1.431e-07	8.479e-08	4.110e-06
3	GO:0010558	1.453e-07	8.479e-08	4.110e-06
3	GO:0048729	1.550e-07	8.479e-08	4.110e-06
3	GO:0051253	1.926e-07	8.479e-08	4.110e-06
3	GO:0051239	2.187e-07	8.479e-08	4.110e-06
3	GO:0051172	2.343e-07	8.479e-08	4.110e-06
3	GO:0051960	2.769e-07	8.479e-08	4.110e-06
3	GO:0050793	2.900e-07	8.479e-08	4.110e-06
3	GO:0045934	2.996e-07	8.479e-08	4.110e-06
3	GO:0005737	4.588e-07	8.479e-08	4.110e-06
3	GO:0003676	8.454e-07	8.479e-08	4.110e-06
3	GO:0050767	8.961e-07	8.479e-08	4.110e-06
3	GO:0048705	9.622e-07	8.479e-08	4.110e-06
3	GO:0045596	1.156e-06	8.479e-08	4.110e-06
3	GO:0016564	1.508e-06	8.479e-08	4.110e-06
3	GO:0043009	1.518e-06	8.479e-08	4.110e-06
3	GO:0000122	1.598e-06	8.479e-08	4.110e-06
3	GO:0045165	1.830e-06	8.479e-08	4.110e-06
3	GO:0009792	1.996e-06	8.479e-08	4.110e-06
3	GO:0048666	3.426e-06	8.479e-08	4.110e-06
3	GO:0001501	3.878e-06	8.479e-08	4.110e-06
3	GO:0035295	4.977e-06	8.479e-08	4.110e-06
3	GO:0009966	5.249e-06	8.479e-08	4.110e-06
3	GO:0016563	8.192e-06	8.479e-08	4.110e-06
3	GO:0005623	9.462e-06	8.479e-08	4.110e-06
3	GO:0044464	1.004e-05	8.479e-08	4.110e-06
3	GO:0045664	1.093e-05	8.479e-08	4.110e-06
3	GO:0007423	1.114e-05	8.479e-08	4.110e-06
3	GO:0048646	1.363e-05	8.479e-08	4.110e-06
3	GO:0048663	1.504e-05	8.479e-08	4.110e-06
3	GO:0031175	1.558e-05	8.479e-08	4.110e-06
3	GO:0007409	2.120e-05	8.479e-08	4.110e-06
3	GO:0048732	2.477e-05	8.479e-08	4.110e-06
3	GO:0046983	2.511e-05	8.479e-08	4.110e-06
3	GO:0043583	2.861e-05	8.479e-08	4.110e-06
3	GO:0010648	2.994e-05	8.479e-08	4.110e-06
3	GO:0016055	3.385e-05	8.479e-08	4.110e-06
3	GO:0043005	3.414e-05	8.479e-08	4.110e-06
3	GO:0007411	3.533e-05	8.479e-08	4.110e-06
3	GO:0032501	3.674e-05	8.479e-08	4.110e-06
3	GO:0048812	3.746e-05	8.479e-08	4.110e-06
3	GO:0000904	4.336e-05	8.479e-08	4.110e-06
3	GO:0005667	4.337e-05	8.479e-08	4.110e-06
3	GO:0009968	4.389e-05	8.479e-08	4.110e-06
3	GO:0001763	4.964e-05	8.479e-08	4.110e-06
3	GO:0048667	5.153e-05	8.479e-08	4.110e-06
3	GO:0032989	5.345e-05	8.479e-08	4.110e-06
3	GO:0044057	5.364e-05	8.479e-08	4.110e-06
3	GO:0051179	5.815e-05	8.479e-08	4.110e-06
3	GO:0048706	5.900e-05	8.479e-08	4.110e-06
3	GO:0032879	5.929e-05	8.479e-08	4.110e-06
3	GO:0030900	5.985e-05	8.479e-08	4.110e-06
3	GO:0051093	6.388e-05	8.479e-08	4.110e-06
3	GO:0016043	6.464e-05	8.479e-08	4.110e-06
3	GO:0048736	7.127e-05	8.479e-08	4.110e-06
3	GO:0060173	7.127e-05	8.479e-08	4.110e-06
3	GO:0002009	7.487e-05	8.479e-08	4.110e-06
3	GO:0060429	7.487e-05	8.479e-08	4.110e-06
3	GO:0048858	8.096e-05	8.479e-08	4.110e-06
3	GO:0030955	8.401e-05	8.479e-08	4.110e-06
3	GO:0007507	8.686e-05	8.479e-08	4.110e-06
3	GO:0035107	8.687e-05	8.479e-08	4.110e-06
3	GO:0035108	8.687e-05	8.479e-08	4.110e-06
3	GO:0030030	9.129e-05	8.479e-08	4.110e-06
3	GO:0007167	9.795e-05	8.479e-08	4.110e-06
3	GO:0000902	1.066e-04	8.479e-08	4.110e-06
3	GO:0051270	1.099e-04	8.479e-08	4.110e-06
3	GO:0032990	1.179e-04	8.479e-08	4.110e-06
3	GO:0030334	1.302e-04	8.479e-08	4.110e-06
3	GO:0060541	1.563e-04	8.479e-08	4.110e-06
3	GO:0042127	1.627e-04	8.479e-08	4.110e-06
3	GO:0035239	1.640e-04	8.479e-08	4.110e-06
3	GO:0004672	1.729e-04	8.479e-08	4.110e-06
3	GO:0005244	1.741e-04	8.479e-08	4.110e-06
3	GO:0022832	1.741e-04	8.479e-08	4.110e-06
3	GO:0007264	1.748e-04	8.479e-08	4.110e-06
3	GO:0010551	1.763e-04	8.479e-08	4.110e-06
3	GO:0045202	1.850e-04	8.479e-08	4.110e-06
3	GO:0030323	2.018e-04	8.479e-08	4.110e-06
3	GO:0030324	2.034e-04	8.479e-08	4.110e-06
3	GO:0001655	2.098e-04	8.479e-08	4.110e-06
3	GO:0008134	2.112e-04	8.479e-08	4.110e-06
3	GO:0048754	2.261e-04	8.479e-08	4.110e-06
3	GO:0042802	2.314e-04	8.479e-08	4.110e-06
3	GO:0019904	2.439e-04	8.479e-08	4.110e-06
3	GO:0016301	2.627e-04	8.479e-08	4.110e-06
3	GO:0048704	2.629e-04	8.479e-08	4.110e-06
3	GO:0010926	2.695e-04	8.479e-08	4.110e-06
3	GO:0030326	2.733e-04	8.479e-08	4.110e-06
3	GO:0035113	2.733e-04	8.479e-08	4.110e-06
3	GO:0006928	2.880e-04	8.479e-08	4.110e-06
3	GO:0051674	2.880e-04	8.479e-08	4.110e-06
3	GO:0044451	2.889e-04	8.479e-08	4.110e-06
3	GO:0042803	3.049e-04	8.479e-08	4.110e-06
3	GO:0046872	3.070e-04	8.479e-08	4.110e-06
3	GO:0043687	3.212e-04	8.479e-08	4.110e-06
3	GO:0016773	3.500e-04	8.479e-08	4.110e-06
3	GO:0007169	3.525e-04	8.479e-08	4.110e-06
3	GO:0051049	3.537e-04	8.479e-08	4.110e-06
3	GO:0035270	3.807e-04	8.479e-08	4.110e-06
3	GO:0006813	3.852e-04	8.479e-08	4.110e-06
3	GO:0032583	4.013e-04	8.479e-08	4.110e-06
3	GO:0003702	4.277e-04	8.479e-08	4.110e-06
3	GO:0022843	4.484e-04	8.479e-08	4.110e-06
3	GO:0030425	4.556e-04	8.479e-08	4.110e-06
3	GO:0009953	4.573e-04	8.479e-08	4.110e-06
3	GO:0021510	4.660e-04	8.479e-08	4.110e-06
3	GO:0043169	4.669e-04	8.479e-08	4.110e-06
3	GO:0043167	4.708e-04	8.479e-08	4.110e-06
3	GO:0045597	4.776e-04	8.479e-08	4.110e-06
3	GO:0019199	4.828e-04	8.479e-08	4.110e-06
3	GO:0009987	4.949e-04	8.479e-08	4.110e-06
3	GO:0001708	5.009e-04	8.479e-08	4.110e-06
3	GO:0001822	5.171e-04	8.479e-08	4.110e-06
3	GO:0007517	5.196e-04	8.479e-08	4.110e-06
3	GO:0031981	5.307e-04	8.479e-08	4.110e-06
3	GO:0005267	5.394e-04	8.479e-08	4.110e-06
3	GO:0044459	5.461e-04	8.479e-08	4.110e-06
3	GO:0008150	5.600e-04	8.479e-08	4.110e-06
3	GO:0006140	5.906e-04	8.479e-08	4.110e-06
3	GO:0030799	6.054e-04	8.479e-08	4.110e-06
3	GO:0006464	6.130e-04	8.479e-08	4.110e-06
3	GO:0008284	6.144e-04	8.479e-08	4.110e-06
3	GO:0004714	6.319e-04	8.479e-08	4.110e-06
3	GO:0005575	6.492e-04	8.479e-08	4.110e-06
3	GO:0007242	6.888e-04	1.696e-07	7.910e-06
3	GO:0003007	6.995e-04	1.696e-07	7.910e-06
3	GO:0042471	7.069e-04	1.696e-07	7.910e-06
3	GO:0048839	7.143e-04	1.696e-07	7.910e-06
3	GO:0007267	7.451e-04	1.696e-07	7.910e-06
3	GO:0021515	7.614e-04	1.696e-07	7.910e-06
3	GO:0043412	7.930e-04	1.696e-07	7.910e-06
3	GO:0042391	8.070e-04	1.696e-07	7.910e-06
3	GO:0048568	9.123e-04	2.544e-07	1.164e-05
3	GO:0048168	9.144e-04	2.544e-07	1.164e-05
3	GO:0005654	9.457e-04	2.544e-07	1.164e-05
3	GO:0030136	9.914e-04	2.544e-07	1.164e-05
3	GO:0009719	1.023e-03	3.392e-07	1.531e-05
3	GO:0017015	1.058e-03	3.392e-07	1.531e-05
3	GO:0005516	1.107e-03	3.392e-07	1.531e-05
3	GO:0030802	1.131e-03	4.239e-07	1.831e-05
3	GO:0030808	1.131e-03	4.239e-07	1.831e-05
3	GO:0030111	1.174e-03	4.239e-07	1.831e-05
3	GO:0016772	1.177e-03	4.239e-07	1.831e-05
3	GO:0008021	1.212e-03	4.239e-07	1.831e-05
3	GO:0003682	1.221e-03	4.239e-07	1.831e-05
3	GO:0044444	1.273e-03	4.239e-07	1.831e-05
3	GO:0030001	1.276e-03	4.239e-07	1.831e-05
3	GO:0022836	1.287e-03	4.239e-07	1.831e-05
3	GO:0003674	1.288e-03	4.239e-07	1.831e-05
3	GO:0044087	1.304e-03	5.087e-07	2.187e-05
3	GO:0007492	1.323e-03	6.783e-07	2.854e-05
3	GO:0035282	1.347e-03	6.783e-07	2.854e-05
3	GO:0051246	1.362e-03	6.783e-07	2.854e-05
3	GO:0042692	1.394e-03	6.783e-07	2.854e-05
3	GO:0001944	1.455e-03	6.783e-07	2.854e-05
3	GO:0031644	1.527e-03	7.631e-07	3.067e-05
3	GO:0030178	1.531e-03	7.631e-07	3.067e-05
3	GO:0007498	1.532e-03	7.631e-07	3.067e-05
3	GO:0046873	1.539e-03	7.631e-07	3.067e-05
3	GO:0044092	1.547e-03	7.631e-07	3.067e-05
3	GO:0043025	1.555e-03	7.631e-07	3.067e-05
3	GO:0048167	1.598e-03	7.631e-07	3.067e-05
3	GO:0030814	1.656e-03	7.631e-07	3.067e-05
3	GO:0009725	1.673e-03	7.631e-07	3.067e-05
3	GO:0009880	1.683e-03	7.631e-07	3.067e-05
3	GO:0048536	1.757e-03	7.631e-07	3.067e-05
3	GO:0014031	1.789e-03	8.479e-07	3.262e-05
3	GO:0048762	1.789e-03	8.479e-07	3.262e-05
3	GO:0005261	1.802e-03	8.479e-07	3.262e-05
3	GO:0030036	1.820e-03	8.479e-07	3.262e-05
3	GO:0070013	1.841e-03	8.479e-07	3.262e-05
3	GO:0051969	1.850e-03	8.479e-07	3.262e-05
3	GO:0005249	1.898e-03	8.479e-07	3.262e-05
3	GO:0030902	1.913e-03	8.479e-07	3.262e-05
3	GO:0016740	1.949e-03	8.479e-07	3.262e-05
3	GO:0040012	2.006e-03	8.479e-07	3.262e-05
3	GO:0051128	2.033e-03	8.479e-07	3.262e-05
3	GO:0015267	2.140e-03	1.017e-06	3.840e-05
3	GO:0014070	2.176e-03	1.017e-06	3.840e-05
3	GO:0044428	2.207e-03	1.017e-06	3.840e-05
3	GO:0032268	2.212e-03	1.017e-06	3.840e-05
3	GO:0046982	2.213e-03	1.017e-06	3.840e-05
3	GO:0010721	2.263e-03	1.441e-06	5.358e-05
3	GO:0022803	2.263e-03	1.441e-06	5.358e-05
3	GO:0060485	2.275e-03	1.441e-06	5.358e-05
3	GO:0007369	2.277e-03	1.441e-06	5.358e-05
3	GO:0050804	2.408e-03	1.611e-06	5.922e-05
3	GO:0065009	2.421e-03	1.611e-06	5.922e-05
3	GO:0006468	2.476e-03	1.611e-06	5.922e-05
3	GO:0019220	2.527e-03	1.781e-06	6.426e-05
3	GO:0051174	2.527e-03	1.781e-06	6.426e-05
3	GO:0042325	2.569e-03	1.781e-06	6.426e-05
3	GO:0008092	2.580e-03	1.781e-06	6.426e-05
3	GO:0003705	2.588e-03	1.781e-06	6.426e-05
3	GO:0008016	2.624e-03	1.865e-06	6.707e-05
3	GO:0010828	2.699e-03	1.950e-06	6.937e-05
3	GO:0046326	2.699e-03	1.950e-06	6.937e-05
3	GO:0001568	2.718e-03	1.950e-06	6.937e-05
3	GO:0022603	2.799e-03	2.205e-06	7.676e-05
3	GO:0030855	2.831e-03	2.205e-06	7.676e-05
3	GO:0006810	2.832e-03	2.205e-06	7.676e-05
3	GO:0030336	2.839e-03	2.205e-06	7.676e-05
3	GO:0042472	2.859e-03	2.205e-06	7.676e-05
3	GO:0003712	2.867e-03	2.205e-06	7.676e-05
3	GO:0051216	2.914e-03	2.459e-06	8.531e-05
3	GO:0031012	2.960e-03	2.544e-06	8.703e-05
3	GO:0001704	2.967e-03	2.544e-06	8.703e-05
3	GO:0022838	2.986e-03	2.544e-06	8.703e-05
3	GO:0046324	2.992e-03	2.544e-06	8.703e-05
3	GO:0043524	3.030e-03	2.628e-06	8.901e-05
3	GO:0043233	3.058e-03	2.628e-06	8.901e-05
3	GO:0000307	3.073e-03	2.628e-06	8.901e-05
3	GO:0043523	3.141e-03	2.713e-06	9.157e-05
3	GO:0051050	3.167e-03	2.883e-06	9.696e-05
3	GO:0055008	3.182e-03	3.137e-06	1.038e-04
3	GO:0060415	3.182e-03	3.137e-06	1.038e-04
3	GO:0007223	3.202e-03	3.137e-06	1.038e-04
3	GO:0030135	3.209e-03	3.137e-06	1.038e-04
3	GO:0022892	3.214e-03	3.137e-06	1.038e-04
3	GO:0048878	3.289e-03	3.307e-06	1.090e-04
3	GO:0030817	3.311e-03	3.476e-06	1.138e-04
3	GO:0048863	3.321e-03	3.476e-06	1.138e-04
3	GO:0051234	3.389e-03	3.731e-06	1.217e-04
3	GO:0004674	3.413e-03	3.815e-06	1.229e-04
3	GO:0043234	3.429e-03	3.815e-06	1.229e-04
3	GO:0010827	3.447e-03	3.815e-06	1.229e-04
3	GO:0010552	3.452e-03	3.815e-06	1.229e-04
3	GO:0032355	3.550e-03	3.985e-06	1.275e-04
3	GO:0030029	3.561e-03	3.985e-06	1.275e-04
3	GO:0048864	3.576e-03	4.070e-06	1.294e-04
3	GO:0005245	3.586e-03	4.070e-06	1.294e-04
3	GO:0031974	3.663e-03	4.155e-06	1.317e-04
3	GO:0032870	3.678e-03	4.324e-06	1.366e-04
3	GO:0051272	3.703e-03	4.409e-06	1.388e-04
3	GO:0050768	3.795e-03	4.494e-06	1.411e-04
3	GO:0042995	3.822e-03	4.579e-06	1.428e-04
3	GO:0030879	3.827e-03	4.579e-06	1.428e-04
3	GO:0030335	3.998e-03	5.257e-06	1.630e-04
3	GO:0021537	4.030e-03	5.257e-06	1.630e-04
3	GO:0031279	4.056e-03	5.426e-06	1.677e-04
3	GO:0050678	4.101e-03	5.511e-06	1.698e-04
3	GO:0006812	4.161e-03	5.596e-06	1.713e-04
3	GO:0051094	4.166e-03	5.596e-06	1.713e-04
3	GO:0005215	4.195e-03	5.681e-06	1.734e-04
3	GO:0048332	4.257e-03	5.766e-06	1.754e-04
3	GO:0019899	4.339e-03	6.274e-06	1.903e-04
3	GO:0033555	4.449e-03	6.614e-06	1.994e-04
3	GO:0001656	4.449e-03	6.614e-06	1.994e-04
3	GO:0005216	4.550e-03	6.868e-06	2.064e-04
3	GO:0060341	4.602e-03	7.037e-06	2.109e-04
3	GO:0010769	4.682e-03	7.292e-06	2.178e-04
3	GO:0006996	4.698e-03	7.546e-06	2.248e-04
3	GO:0019827	4.873e-03	8.479e-06	2.518e-04
3	GO:0016568	4.903e-03	8.564e-06	2.535e-04
3	GO:0045761	4.959e-03	8.733e-06	2.578e-04
3	GO:0043086	4.982e-03	8.818e-06	2.595e-04
3	GO:0051339	5.021e-03	8.988e-06	2.637e-04
3	GO:0045665	5.033e-03	9.072e-06	2.654e-04
3	GO:0005794	5.103e-03	9.157e-06	2.671e-04
3	GO:0048538	5.413e-03	1.017e-05	2.959e-04
3	GO:0050679	5.420e-03	1.034e-05	3.000e-04
3	GO:0045666	5.429e-03	1.077e-05	3.113e-04
3	GO:0051271	5.461e-03	1.085e-05	3.129e-04
3	GO:0035136	5.558e-03	1.153e-05	3.315e-04
3	GO:0042641	5.688e-03	1.255e-05	3.576e-04
3	GO:0006811	5.693e-03	1.255e-05	3.576e-04
3	GO:0060393	5.714e-03	1.255e-05	3.576e-04
3	GO:0065008	5.730e-03	1.263e-05	3.590e-04
3	GO:0016192	5.770e-03	1.289e-05	3.631e-04
3	GO:0031128	5.781e-03	1.289e-05	3.631e-04
3	GO:0045168	5.781e-03	1.289e-05	3.631e-04
3	GO:0003924	5.934e-03	1.340e-05	3.763e-04
3	GO:0031420	6.178e-03	1.535e-05	4.287e-04
3	GO:0021543	6.186e-03	1.535e-05	4.287e-04
3	GO:0003013	6.238e-03	1.577e-05	4.380e-04
3	GO:0008015	6.238e-03	1.577e-05	4.380e-04
3	GO:0008324	6.252e-03	1.603e-05	4.439e-04
3	GO:0010033	6.292e-03	1.619e-05	4.459e-04
3	GO:0043204	6.294e-03	1.619e-05	4.459e-04
3	GO:0005578	6.300e-03	1.628e-05	4.459e-04
3	GO:0007265	6.301e-03	1.628e-05	4.459e-04
3	GO:0051051	6.381e-03	1.704e-05	4.655e-04
3	GO:0003714	6.464e-03	1.747e-05	4.758e-04
3	GO:0035137	6.519e-03	1.806e-05	4.906e-04
3	GO:0051247	6.575e-03	1.831e-05	4.962e-04
3	GO:0010001	6.618e-03	1.865e-05	5.012e-04
3	GO:0007519	6.624e-03	1.865e-05	5.012e-04
3	GO:0060538	6.624e-03	1.865e-05	5.012e-04
3	GO:0022037	6.664e-03	1.874e-05	5.021e-04
3	GO:0005604	6.801e-03	1.967e-05	5.257e-04
3	GO:0042063	6.901e-03	2.052e-05	5.454e-04
3	GO:0060537	6.921e-03	2.052e-05	5.454e-04
3	GO:0015804	6.958e-03	2.077e-05	5.507e-04
3	GO:0019226	7.077e-03	2.171e-05	5.724e-04
3	GO:0009612	7.089e-03	2.171e-05	5.724e-04
3	GO:0022604	7.279e-03	2.366e-05	6.221e-04
3	GO:0021761	7.324e-03	2.425e-05	6.360e-04
3	GO:0032582	7.375e-03	2.467e-05	6.454e-04
3	GO:0032270	7.574e-03	2.578e-05	6.707e-04
3	GO:0015629	7.575e-03	2.578e-05	6.707e-04
3	GO:0005201	7.706e-03	2.730e-05	7.086e-04
3	GO:0060349	7.761e-03	2.773e-05	7.177e-04
3	GO:0031016	7.801e-03	2.840e-05	7.314e-04
3	GO:0044456	7.808e-03	2.840e-05	7.314e-04
3	GO:0007194	7.923e-03	2.976e-05	7.604e-04
3	GO:0031280	7.923e-03	2.976e-05	7.604e-04
3	GO:0051350	7.923e-03	2.976e-05	7.604e-04
3	GO:0021915	7.987e-03	3.027e-05	7.714e-04
3	GO:0014032	8.024e-03	3.069e-05	7.782e-04
3	GO:0014033	8.024e-03	3.069e-05	7.782e-04
3	GO:0048565	8.057e-03	3.078e-05	7.784e-04
3	GO:0016566	8.211e-03	3.197e-05	8.063e-04
3	GO:0043535	8.283e-03	3.264e-05	8.193e-04
3	GO:0014706	8.286e-03	3.264e-05	8.193e-04
3	GO:0016585	8.301e-03	3.298e-05	8.257e-04
3	GO:0001756	8.356e-03	3.341e-05	8.321e-04
3	GO:0090066	8.387e-03	3.341e-05	8.321e-04
3	GO:0003012	8.399e-03	3.358e-05	8.342e-04
3	GO:0017124	8.428e-03	3.375e-05	8.363e-04
3	GO:0030665	8.497e-03	3.468e-05	8.573e-04
3	GO:0050770	8.681e-03	3.714e-05	9.135e-04
3	GO:0010720	8.686e-03	3.714e-05	9.135e-04
3	GO:0016265	8.714e-03	3.739e-05	9.175e-04
3	GO:0030424	8.781e-03	3.799e-05	9.297e-04
3	GO:0001709	8.825e-03	3.883e-05	9.481e-04
3	GO:0048593	8.881e-03	3.951e-05	9.617e-04
3	GO:0022891	8.890e-03	3.960e-05	9.617e-04
3	GO:0001707	8.898e-03	3.968e-05	9.617e-04
3	GO:0035115	8.932e-03	4.027e-05	9.737e-04
3	GO:0016569	8.943e-03	4.053e-05	9.775e-04
3	GO:0008637	9.056e-03	4.197e-05	1.010e-03
3	GO:0001657	9.106e-03	4.324e-05	1.038e-03
3	GO:0010975	9.260e-03	4.545e-05	1.088e-03
3	GO:0007422	9.406e-03	4.689e-05	1.120e-03
3	GO:0050790	9.511e-03	4.850e-05	1.156e-03
3	GO:0008219	9.820e-03	5.325e-05	1.262e-03
3	GO:0006936	9.827e-03	5.333e-05	1.262e-03
3	GO:0021700	9.833e-03	5.333e-05	1.262e-03
3	GO:0021569	9.942e-03	5.494e-05	1.297e-03
3	GO:0031329	9.993e-03	5.562e-05	1.308e-03
3	GO:0033017	1.000e-02	5.571e-05	1.308e-03
3	GO:0051726	1.006e-02	5.672e-05	1.329e-03
3	GO:0001889	1.012e-02	5.757e-05	1.346e-03
3	GO:0044420	1.024e-02	5.893e-05	1.374e-03
3	GO:0008076	1.030e-02	6.045e-05	1.403e-03
3	GO:0034705	1.030e-02	6.045e-05	1.403e-03
3	GO:0042383	1.038e-02	6.156e-05	1.425e-03
3	GO:0030054	1.040e-02	6.207e-05	1.434e-03
3	GO:0012501	1.042e-02	6.257e-05	1.442e-03
3	GO:0004702	1.046e-02	6.300e-05	1.449e-03
3	GO:0010843	1.050e-02	6.393e-05	1.467e-03
3	GO:0007568	1.054e-02	6.452e-05	1.477e-03
3	GO:0019935	1.066e-02	6.597e-05	1.506e-03
3	GO:0031344	1.083e-02	6.800e-05	1.549e-03
3	GO:0008270	1.085e-02	6.851e-05	1.557e-03
3	GO:0034703	1.088e-02	6.902e-05	1.562e-03
3	GO:0008593	1.089e-02	6.902e-05	1.562e-03
3	GO:0005003	1.090e-02	6.927e-05	1.564e-03
3	GO:0048483	1.104e-02	7.114e-05	1.602e-03
3	GO:0030516	1.113e-02	7.249e-05	1.629e-03
3	GO:0043010	1.124e-02	7.512e-05	1.684e-03
3	GO:0016477	1.124e-02	7.529e-05	1.684e-03
3	GO:0043576	1.127e-02	7.555e-05	1.686e-03
3	GO:0005891	1.137e-02	7.741e-05	1.724e-03
3	GO:0044446	1.150e-02	7.996e-05	1.777e-03
3	GO:0048562	1.155e-02	8.097e-05	1.795e-03
3	GO:0021575	1.166e-02	8.309e-05	1.838e-03
3	GO:0021516	1.185e-02	8.708e-05	1.922e-03
3	GO:0016044	1.191e-02	8.767e-05	1.931e-03
3	GO:0010553	1.199e-02	8.877e-05	1.951e-03
3	GO:0000160	1.202e-02	8.928e-05	1.953e-03
3	GO:0004683	1.203e-02	8.928e-05	1.953e-03
3	GO:0030826	1.209e-02	9.064e-05	1.979e-03
3	GO:0022612	1.215e-02	9.183e-05	2.000e-03
3	GO:0044422	1.220e-02	9.293e-05	2.020e-03
3	GO:0048747	1.233e-02	9.539e-05	2.068e-03
3	GO:0000118	1.237e-02	9.649e-05	2.088e-03
3	GO:0043549	1.251e-02	9.929e-05	2.139e-03
3	GO:0045685	1.251e-02	9.929e-05	2.139e-03
3	GO:0045637	1.266e-02	1.034e-04	2.222e-03
3	GO:0006915	1.286e-02	1.081e-04	2.319e-03
3	GO:0048665	1.291e-02	1.089e-04	2.324e-03
3	GO:0050801	1.291e-02	1.089e-04	2.324e-03
3	GO:0030512	1.291e-02	1.090e-04	2.324e-03
3	GO:0016570	1.296e-02	1.100e-04	2.339e-03
3	GO:0034704	1.337e-02	1.205e-04	2.557e-03
3	GO:0006171	1.337e-02	1.211e-04	2.564e-03
3	GO:0006793	1.348e-02	1.229e-04	2.592e-03
3	GO:0006796	1.348e-02	1.229e-04	2.592e-03
3	GO:0048514	1.354e-02	1.247e-04	2.624e-03
3	GO:0048870	1.356e-02	1.257e-04	2.640e-03
3	GO:0060056	1.363e-02	1.276e-04	2.673e-03
3	GO:0005626	1.380e-02	1.322e-04	2.763e-03
3	GO:0051100	1.388e-02	1.340e-04	2.795e-03
3	GO:0008286	1.401e-02	1.367e-04	2.845e-03
3	GO:0048701	1.406e-02	1.379e-04	2.864e-03
3	GO:0055010	1.411e-02	1.385e-04	2.872e-03
3	GO:0042596	1.421e-02	1.407e-04	2.910e-03
3	GO:0008083	1.427e-02	1.420e-04	2.928e-03
3	GO:0032535	1.428e-02	1.422e-04	2.928e-03
3	GO:0042592	1.429e-02	1.424e-04	2.928e-03
3	GO:0021536	1.446e-02	1.470e-04	3.016e-03
3	GO:0015075	1.461e-02	1.513e-04	3.098e-03
3	GO:0043537	1.462e-02	1.517e-04	3.099e-03
3	GO:0009798	1.470e-02	1.536e-04	3.131e-03
3	GO:0043195	1.485e-02	1.569e-04	3.191e-03
3	GO:0032432	1.487e-02	1.575e-04	3.197e-03
3	GO:0021604	1.510e-02	1.639e-04	3.307e-03
3	GO:0021610	1.510e-02	1.639e-04	3.307e-03
3	GO:0021612	1.510e-02	1.639e-04	3.307e-03
3	GO:0051056	1.514e-02	1.651e-04	3.325e-03
3	GO:0046883	1.517e-02	1.656e-04	3.328e-03
3	GO:0005234	1.528e-02	1.691e-04	3.388e-03
3	GO:0010862	1.529e-02	1.692e-04	3.388e-03
3	GO:0007616	1.531e-02	1.696e-04	3.388e-03
3	GO:0001825	1.538e-02	1.720e-04	3.424e-03
3	GO:0060562	1.539e-02	1.724e-04	3.424e-03
3	GO:0004016	1.540e-02	1.725e-04	3.424e-03
3	GO:0008013	1.556e-02	1.769e-04	3.498e-03
3	GO:0051130	1.556e-02	1.769e-04	3.498e-03
3	GO:0016331	1.567e-02	1.796e-04	3.544e-03
3	GO:0040008	1.576e-02	1.831e-04	3.606e-03
3	GO:0000267	1.585e-02	1.852e-04	3.640e-03
3	GO:0007398	1.588e-02	1.859e-04	3.648e-03
3	GO:0043193	1.590e-02	1.864e-04	3.649e-03
3	GO:0001558	1.594e-02	1.872e-04	3.659e-03
3	GO:0021871	1.599e-02	1.890e-04	3.686e-03
3	GO:0006873	1.604e-02	1.905e-04	3.708e-03
3	GO:0016581	1.614e-02	1.939e-04	3.766e-03
3	GO:0021675	1.615e-02	1.943e-04	3.766e-03
3	GO:0060627	1.617e-02	1.949e-04	3.772e-03
3	GO:0010941	1.624e-02	1.966e-04	3.797e-03
3	GO:0009954	1.628e-02	1.980e-04	3.816e-03
3	GO:0032890	1.633e-02	1.993e-04	3.835e-03
3	GO:0060021	1.639e-02	2.008e-04	3.855e-03
3	GO:0015175	1.650e-02	2.035e-04	3.900e-03
3	GO:0008285	1.652e-02	2.041e-04	3.903e-03
3	GO:0021879	1.657e-02	2.076e-04	3.959e-03
3	GO:0045859	1.658e-02	2.078e-04	3.959e-03
3	GO:0002027	1.665e-02	2.098e-04	3.989e-03
3	GO:0007386	1.667e-02	2.104e-04	3.994e-03
3	GO:0021983	1.686e-02	2.185e-04	4.139e-03
3	GO:0032869	1.693e-02	2.201e-04	4.162e-03
3	GO:0055082	1.699e-02	2.216e-04	4.181e-03
3	GO:0034702	1.705e-02	2.232e-04	4.205e-03
3	GO:0046332	1.712e-02	2.260e-04	4.246e-03
3	GO:0032228	1.712e-02	2.263e-04	4.246e-03
3	GO:0048547	1.724e-02	2.309e-04	4.320e-03
3	GO:0032991	1.724e-02	2.311e-04	4.320e-03
3	GO:0008217	1.734e-02	2.353e-04	4.390e-03
3	GO:0015672	1.751e-02	2.417e-04	4.502e-03
3	GO:0033500	1.756e-02	2.433e-04	4.513e-03
3	GO:0042593	1.756e-02	2.433e-04	4.513e-03
3	GO:0022857	1.759e-02	2.446e-04	4.530e-03
3	GO:0006942	1.762e-02	2.456e-04	4.540e-03
3	GO:0070875	1.766e-02	2.466e-04	4.549e-03
3	GO:0003006	1.769e-02	2.473e-04	4.554e-03
3	GO:0043067	1.780e-02	2.509e-04	4.611e-03
3	GO:0021522	1.790e-02	2.545e-04	4.668e-03
3	GO:0019725	1.799e-02	2.573e-04	4.712e-03
3	GO:0032369	1.802e-02	2.585e-04	4.725e-03
3	GO:0032386	1.824e-02	2.673e-04	4.876e-03
3	GO:0048027	1.826e-02	2.679e-04	4.879e-03
3	GO:0045661	1.839e-02	2.727e-04	4.956e-03
3	GO:0031018	1.844e-02	2.747e-04	4.978e-03
3	GO:0001829	1.844e-02	2.749e-04	4.978e-03
3	GO:0030903	1.857e-02	2.801e-04	5.064e-03
3	GO:0005887	1.884e-02	2.918e-04	5.266e-03
3	GO:0006897	1.890e-02	2.940e-04	5.287e-03
3	GO:0010324	1.890e-02	2.940e-04	5.287e-03
3	GO:0000287	1.900e-02	2.979e-04	5.347e-03
3	GO:0007193	1.906e-02	3.007e-04	5.387e-03
3	GO:0031226	1.907e-02	3.013e-04	5.387e-03
3	GO:0048546	1.912e-02	3.037e-04	5.411e-03
3	GO:0055123	1.912e-02	3.037e-04	5.411e-03
3	GO:0021546	1.937e-02	3.158e-04	5.595e-03
3	GO:0021545	1.937e-02	3.158e-04	5.595e-03
3	GO:0048486	1.937e-02	3.158e-04	5.595e-03
3	GO:0060443	1.949e-02	3.211e-04	5.680e-03
3	GO:0006816	1.957e-02	3.255e-04	5.742e-03
3	GO:0021549	1.958e-02	3.258e-04	5.742e-03
3	GO:0021527	1.962e-02	3.269e-04	5.753e-03
3	GO:0051338	1.970e-02	3.297e-04	5.790e-03
3	GO:0010494	1.981e-02	3.362e-04	5.894e-03
3	GO:0004713	2.009e-02	3.488e-04	6.105e-03
3	GO:0019717	2.031e-02	3.580e-04	6.250e-03
3	GO:0051046	2.033e-02	3.584e-04	6.250e-03
3	GO:0014866	2.040e-02	3.620e-04	6.303e-03
3	GO:0003779	2.075e-02	3.774e-04	6.558e-03
3	GO:0008344	2.080e-02	3.799e-04	6.578e-03
3	GO:0014048	2.080e-02	3.799e-04	6.578e-03
3	GO:0042044	2.081e-02	3.809e-04	6.584e-03
3	GO:0051899	2.085e-02	3.829e-04	6.608e-03
3	GO:0014020	2.089e-02	3.848e-04	6.628e-03
3	GO:0005624	2.095e-02	3.881e-04	6.674e-03
3	GO:0043586	2.099e-02	3.912e-04	6.716e-03
3	GO:0030510	2.103e-02	3.926e-04	6.728e-03
3	GO:0030823	2.111e-02	3.963e-04	6.780e-03
3	GO:0019216	2.115e-02	3.981e-04	6.799e-03
3	GO:0045646	2.121e-02	4.011e-04	6.837e-03
3	GO:0070887	2.124e-02	4.025e-04	6.850e-03
3	GO:0007440	2.131e-02	4.061e-04	6.899e-03
3	GO:0008066	2.134e-02	4.081e-04	6.922e-03
3	GO:0042981	2.138e-02	4.113e-04	6.964e-03
3	GO:0001725	2.143e-02	4.139e-04	6.995e-03
3	GO:0060548	2.145e-02	4.147e-04	6.998e-03
3	GO:0007272	2.168e-02	4.258e-04	7.156e-03
3	GO:0008366	2.168e-02	4.258e-04	7.156e-03
3	GO:0014037	2.168e-02	4.262e-04	7.156e-03
3	GO:0001701	2.173e-02	4.287e-04	7.185e-03
3	GO:0045725	2.175e-02	4.300e-04	7.194e-03
3	GO:0001755	2.179e-02	4.319e-04	7.214e-03
3	GO:0032891	2.183e-02	4.345e-04	7.241e-03
3	GO:0006325	2.184e-02	4.350e-04	7.241e-03
3	GO:0019838	2.221e-02	4.548e-04	7.547e-03
3	GO:0070838	2.222e-02	4.549e-04	7.547e-03
3	GO:0051147	2.232e-02	4.611e-04	7.637e-03
3	GO:0030825	2.254e-02	4.707e-04	7.758e-03
3	GO:0030828	2.254e-02	4.707e-04	7.758e-03
3	GO:0060070	2.255e-02	4.707e-04	7.758e-03
3	GO:0007268	2.257e-02	4.718e-04	7.762e-03
3	GO:0007187	2.267e-02	4.769e-04	7.834e-03
3	GO:0040020	2.270e-02	4.787e-04	7.850e-03
3	GO:0017053	2.298e-02	4.947e-04	8.094e-03
3	GO:0031331	2.300e-02	4.968e-04	8.094e-03
3	GO:0021570	2.300e-02	4.968e-04	8.094e-03
3	GO:0043069	2.302e-02	4.974e-04	8.094e-03
3	GO:0051248	2.302e-02	4.977e-04	8.094e-03
3	GO:0007015	2.304e-02	4.985e-04	8.094e-03
3	GO:0031982	2.307e-02	4.999e-04	8.096e-03
3	GO:0048741	2.308e-02	5.003e-04	8.096e-03
3	GO:0048265	2.323e-02	5.070e-04	8.191e-03
3	GO:0006937	2.325e-02	5.086e-04	8.204e-03
3	GO:0034616	2.342e-02	5.180e-04	8.342e-03
3	GO:0042975	2.348e-02	5.215e-04	8.385e-03
3	GO:0014013	2.358e-02	5.271e-04	8.462e-03
3	GO:0010746	2.372e-02	5.367e-04	8.579e-03
3	GO:0010748	2.372e-02	5.367e-04	8.579e-03
3	GO:0031399	2.373e-02	5.371e-04	8.579e-03
3	GO:0001505	2.377e-02	5.393e-04	8.602e-03
3	GO:0042551	2.384e-02	5.427e-04	8.642e-03
3	GO:0004970	2.388e-02	5.454e-04	8.659e-03
3	GO:0001508	2.390e-02	5.467e-04	8.659e-03
3	GO:0032970	2.390e-02	5.473e-04	8.659e-03
3	GO:0021517	2.390e-02	5.473e-04	8.659e-03
3	GO:0031099	2.403e-02	5.535e-04	8.743e-03
3	GO:0021587	2.404e-02	5.545e-04	8.745e-03
3	GO:0001649	2.423e-02	5.661e-04	8.913e-03
3	GO:0043392	2.434e-02	5.739e-04	9.023e-03
3	GO:0070482	2.435e-02	5.750e-04	9.026e-03
3	GO:0016310	2.438e-02	5.761e-04	9.029e-03
3	GO:0048742	2.446e-02	5.817e-04	9.102e-03
3	GO:0031519	2.451e-02	5.841e-04	9.125e-03
3	GO:0043066	2.473e-02	5.957e-04	9.283e-03
3	GO:0021561	2.473e-02	5.962e-04	9.283e-03
3	GO:0005112	2.483e-02	6.015e-04	9.352e-03
3	GO:0019887	2.492e-02	6.086e-04	9.448e-03
3	GO:0007010	2.495e-02	6.111e-04	9.471e-03
3	GO:0051445	2.537e-02	6.385e-04	9.880e-03
3	GO:0050769	2.554e-02	6.505e-04	1.005e-02
3	GO:0030672	2.557e-02	6.534e-04	1.007e-02
3	GO:0046626	2.558e-02	6.541e-04	1.007e-02
3	GO:0030278	2.580e-02	6.682e-04	1.028e-02
3	GO:0044237	2.593e-02	6.780e-04	1.041e-02
3	GO:0040029	2.598e-02	6.822e-04	1.045e-02
3	GO:0021783	2.600e-02	6.836e-04	1.045e-02
3	GO:0035116	2.600e-02	6.836e-04	1.045e-02
3	GO:0021895	2.608e-02	6.896e-04	1.052e-02
3	GO:0051129	2.613e-02	6.926e-04	1.055e-02
3	GO:0043425	2.617e-02	6.962e-04	1.059e-02
3	GO:0034330	2.619e-02	6.974e-04	1.059e-02
3	GO:0031410	2.635e-02	7.096e-04	1.076e-02
3	GO:0000790	2.640e-02	7.118e-04	1.078e-02
3	GO:0004935	2.644e-02	7.147e-04	1.081e-02
3	GO:0006461	2.647e-02	7.171e-04	1.081e-02
3	GO:0070271	2.647e-02	7.171e-04	1.081e-02
3	GO:0021872	2.661e-02	7.269e-04	1.094e-02
3	GO:0048339	2.668e-02	7.309e-04	1.098e-02
3	GO:0007178	2.674e-02	7.340e-04	1.101e-02
3	GO:0015187	2.681e-02	7.400e-04	1.107e-02
3	GO:0015816	2.681e-02	7.400e-04	1.107e-02
3	GO:0048634	2.696e-02	7.532e-04	1.125e-02
3	GO:0008544	2.700e-02	7.561e-04	1.127e-02
3	GO:0046058	2.702e-02	7.569e-04	1.127e-02
3	GO:0001666	2.716e-02	7.665e-04	1.140e-02
3	GO:0002076	2.727e-02	7.751e-04	1.150e-02
3	GO:0001702	2.728e-02	7.758e-04	1.150e-02
3	GO:0032368	2.739e-02	7.837e-04	1.160e-02
3	GO:0021548	2.743e-02	7.872e-04	1.163e-02
3	GO:0010464	2.744e-02	7.881e-04	1.163e-02
3	GO:0017154	2.747e-02	7.904e-04	1.165e-02
3	GO:0045777	2.759e-02	8.023e-04	1.181e-02
3	GO:0021937	2.762e-02	8.048e-04	1.182e-02
3	GO:0051569	2.775e-02	8.152e-04	1.196e-02
3	GO:0021766	2.776e-02	8.171e-04	1.197e-02
3	GO:0048566	2.784e-02	8.223e-04	1.203e-02
3	GO:0043254	2.790e-02	8.285e-04	1.210e-02
3	GO:0045662	2.803e-02	8.389e-04	1.223e-02
3	GO:0014014	2.823e-02	8.553e-04	1.243e-02
3	GO:0045686	2.823e-02	8.553e-04	1.243e-02
3	GO:0046888	2.824e-02	8.560e-04	1.243e-02
3	GO:0030147	2.829e-02	8.587e-04	1.245e-02
3	GO:0042490	2.836e-02	8.654e-04	1.251e-02
3	GO:0034199	2.836e-02	8.655e-04	1.251e-02
3	GO:0046875	2.845e-02	8.721e-04	1.259e-02
3	GO:0009791	2.851e-02	8.757e-04	1.262e-02
3	GO:0021695	2.854e-02	8.777e-04	1.263e-02
3	GO:0030509	2.873e-02	8.936e-04	1.284e-02
3	GO:0031988	2.887e-02	9.072e-04	1.302e-02
3	GO:0046578	2.890e-02	9.096e-04	1.302e-02
3	GO:0045833	2.890e-02	9.099e-04	1.302e-02
3	GO:0021696	2.906e-02	9.217e-04	1.317e-02
3	GO:0021602	2.912e-02	9.263e-04	1.322e-02
3	GO:0046890	2.914e-02	9.275e-04	1.322e-02
3	GO:0002520	2.924e-02	9.366e-04	1.333e-02
3	GO:0046822	2.928e-02	9.405e-04	1.336e-02
3	GO:0034405	2.941e-02	9.524e-04	1.351e-02
3	GO:0016202	2.961e-02	9.691e-04	1.373e-02
3	GO:0032403	2.972e-02	9.796e-04	1.386e-02
3	GO:0042493	2.982e-02	9.878e-04	1.395e-02
3	GO:0010799	3.003e-02	1.007e-03	1.420e-02
3	GO:0035148	3.012e-02	1.015e-03	1.430e-02
3	GO:0008361	3.027e-02	1.030e-03	1.447e-02
3	GO:0015674	3.030e-02	1.032e-03	1.447e-02
3	GO:0046914	3.031e-02	1.033e-03	1.447e-02
3	GO:0018076	3.033e-02	1.035e-03	1.447e-02
3	GO:0018394	3.033e-02	1.035e-03	1.447e-02
3	GO:0048340	3.088e-02	1.086e-03	1.517e-02
3	GO:0032868	3.096e-02	1.093e-03	1.524e-02
3	GO:0046661	3.111e-02	1.105e-03	1.538e-02
3	GO:0001654	3.111e-02	1.106e-03	1.538e-02
3	GO:0001836	3.130e-02	1.125e-03	1.563e-02
3	GO:0033673	3.165e-02	1.159e-03	1.608e-02
3	GO:0044267	3.190e-02	1.189e-03	1.647e-02
3	GO:0001952	3.193e-02	1.192e-03	1.648e-02
3	GO:0032222	3.196e-02	1.196e-03	1.650e-02
3	GO:0005158	3.197e-02	1.196e-03	1.650e-02
3	GO:0031032	3.207e-02	1.208e-03	1.662e-02
3	GO:0051146	3.207e-02	1.208e-03	1.662e-02
3	GO:0048844	3.221e-02	1.222e-03	1.677e-02
3	GO:0060840	3.221e-02	1.222e-03	1.677e-02
3	GO:0005057	3.229e-02	1.231e-03	1.685e-02
3	GO:0060135	3.234e-02	1.235e-03	1.689e-02
3	GO:0007044	3.253e-02	1.253e-03	1.712e-02
3	GO:0051967	3.286e-02	1.283e-03	1.750e-02
3	GO:0032269	3.290e-02	1.288e-03	1.755e-02
3	GO:0001975	3.294e-02	1.292e-03	1.757e-02
3	GO:0016323	3.298e-02	1.296e-03	1.761e-02
3	GO:0002011	3.301e-02	1.298e-03	1.761e-02
3	GO:0016023	3.302e-02	1.300e-03	1.762e-02
3	GO:0045773	3.319e-02	1.317e-03	1.782e-02
3	GO:0042552	3.348e-02	1.349e-03	1.820e-02
3	GO:0001569	3.348e-02	1.349e-03	1.820e-02
3	GO:0030023	3.361e-02	1.362e-03	1.835e-02
3	GO:0001759	3.377e-02	1.379e-03	1.854e-02
3	GO:0030534	3.378e-02	1.380e-03	1.854e-02
3	GO:0002053	3.402e-02	1.406e-03	1.887e-02
3	GO:0002791	3.404e-02	1.409e-03	1.888e-02
3	GO:0035088	3.412e-02	1.419e-03	1.899e-02
3	GO:0048469	3.423e-02	1.433e-03	1.913e-02
3	GO:0042474	3.424e-02	1.433e-03	1.913e-02
3	GO:0004879	3.454e-02	1.469e-03	1.957e-02
3	GO:0033700	3.454e-02	1.470e-03	1.957e-02
3	GO:0045908	3.462e-02	1.479e-03	1.965e-02
3	GO:0030514	3.463e-02	1.480e-03	1.965e-02
3	GO:0034762	3.468e-02	1.486e-03	1.968e-02
3	GO:0030501	3.470e-02	1.488e-03	1.968e-02
3	GO:0070169	3.470e-02	1.488e-03	1.968e-02
3	GO:0014050	3.477e-02	1.495e-03	1.974e-02
3	GO:0043627	3.478e-02	1.497e-03	1.974e-02
3	GO:0031281	3.494e-02	1.516e-03	1.994e-02
3	GO:0045737	3.495e-02	1.517e-03	1.994e-02
3	GO:0005509	3.523e-02	1.549e-03	2.035e-02
3	GO:0010559	3.536e-02	1.565e-03	2.052e-02
3	GO:0046628	3.538e-02	1.567e-03	2.053e-02
3	GO:0005865	3.545e-02	1.575e-03	2.060e-02
3	GO:0048570	3.547e-02	1.577e-03	2.060e-02
3	GO:0021532	3.550e-02	1.580e-03	2.061e-02
3	GO:0060350	3.559e-02	1.591e-03	2.073e-02
3	GO:0019933	3.565e-02	1.601e-03	2.083e-02
3	GO:0051329	3.569e-02	1.605e-03	2.083e-02
3	GO:0001932	3.569e-02	1.605e-03	2.083e-02
3	GO:0045933	3.580e-02	1.618e-03	2.097e-02
3	GO:0003091	3.584e-02	1.623e-03	2.098e-02
3	GO:0050891	3.584e-02	1.623e-03	2.098e-02
3	GO:0040007	3.599e-02	1.641e-03	2.118e-02
3	GO:0043691	3.611e-02	1.655e-03	2.134e-02
3	GO:0019218	3.615e-02	1.663e-03	2.141e-02
3	GO:0051325	3.620e-02	1.670e-03	2.147e-02
3	GO:0005242	3.621e-02	1.672e-03	2.147e-02
3	GO:0004860	3.639e-02	1.696e-03	2.176e-02
3	GO:0006833	3.643e-02	1.701e-03	2.178e-02
3	GO:0032553	3.655e-02	1.715e-03	2.191e-02
3	GO:0032555	3.655e-02	1.715e-03	2.191e-02
3	GO:0033135	3.669e-02	1.731e-03	2.208e-02
3	GO:0006457	3.670e-02	1.734e-03	2.209e-02
3	GO:0032570	3.675e-02	1.739e-03	2.213e-02
3	GO:0007266	3.697e-02	1.770e-03	2.250e-02
3	GO:0001502	3.703e-02	1.778e-03	2.254e-02
3	GO:0048532	3.703e-02	1.778e-03	2.254e-02
3	GO:0019901	3.727e-02	1.811e-03	2.293e-02
3	GO:0046668	3.732e-02	1.817e-03	2.298e-02
3	GO:0051495	3.767e-02	1.868e-03	2.359e-02
3	GO:0033157	3.785e-02	1.892e-03	2.385e-02
3	GO:0010608	3.786e-02	1.894e-03	2.385e-02
3	GO:0048841	3.806e-02	1.922e-03	2.415e-02
3	GO:0048843	3.806e-02	1.922e-03	2.415e-02
3	GO:0033197	3.809e-02	1.928e-03	2.419e-02
3	GO:0031054	3.819e-02	1.942e-03	2.432e-02
3	GO:0032956	3.820e-02	1.943e-03	2.432e-02
3	GO:0048608	3.822e-02	1.945e-03	2.432e-02
3	GO:0043279	3.828e-02	1.955e-03	2.440e-02
3	GO:0016406	3.885e-02	2.038e-03	2.542e-02
3	GO:0002087	3.892e-02	2.045e-03	2.544e-02
3	GO:0044065	3.892e-02	2.045e-03	2.544e-02
3	GO:0035089	3.895e-02	2.050e-03	2.546e-02
3	GO:0014701	3.901e-02	2.059e-03	2.554e-02
3	GO:0045762	3.905e-02	2.065e-03	2.559e-02
3	GO:0021523	3.910e-02	2.071e-03	2.564e-02
3	GO:0030240	3.929e-02	2.101e-03	2.597e-02
3	GO:0048384	3.934e-02	2.107e-03	2.601e-02
3	GO:0043536	3.936e-02	2.110e-03	2.602e-02
3	GO:0060078	3.951e-02	2.134e-03	2.627e-02
3	GO:0016605	3.964e-02	2.151e-03	2.646e-02
3	GO:0048534	3.997e-02	2.199e-03	2.701e-02
3	GO:0044238	3.999e-02	2.202e-03	2.702e-02
3	GO:0031346	4.008e-02	2.216e-03	2.716e-02
3	GO:0043374	4.024e-02	2.241e-03	2.731e-02
3	GO:0021529	4.027e-02	2.245e-03	2.731e-02
3	GO:0021530	4.027e-02	2.245e-03	2.731e-02
3	GO:0021778	4.027e-02	2.245e-03	2.731e-02
3	GO:0021779	4.027e-02	2.245e-03	2.731e-02
3	GO:0021780	4.027e-02	2.245e-03	2.731e-02
3	GO:0032881	4.029e-02	2.248e-03	2.731e-02
3	GO:0043434	4.037e-02	2.261e-03	2.742e-02
3	GO:0017017	4.040e-02	2.266e-03	2.742e-02
3	GO:0033549	4.040e-02	2.266e-03	2.742e-02
3	GO:0007005	4.053e-02	2.285e-03	2.762e-02
3	GO:0050885	4.060e-02	2.295e-03	2.771e-02
3	GO:0051048	4.072e-02	2.314e-03	2.790e-02
3	GO:0048545	4.078e-02	2.323e-03	2.798e-02
3	GO:0031434	4.119e-02	2.390e-03	2.872e-02
3	GO:0050772	4.119e-02	2.390e-03	2.872e-02
3	GO:0007188	4.131e-02	2.408e-03	2.890e-02
3	GO:0009008	4.144e-02	2.432e-03	2.915e-02
3	GO:0042476	4.157e-02	2.452e-03	2.935e-02
3	GO:0030617	4.161e-02	2.459e-03	2.936e-02
3	GO:0060394	4.161e-02	2.459e-03	2.936e-02
3	GO:0010460	4.185e-02	2.491e-03	2.972e-02
3	GO:0004936	4.188e-02	2.495e-03	2.973e-02
3	GO:0016602	4.192e-02	2.501e-03	2.976e-02
3	GO:0003084	4.195e-02	2.507e-03	2.980e-02
3	GO:0021904	4.201e-02	2.515e-03	2.986e-02
3	GO:0055002	4.205e-02	2.522e-03	2.991e-02
3	GO:0031594	4.214e-02	2.537e-03	3.005e-02
3	GO:0051385	4.224e-02	2.553e-03	3.020e-02
3	GO:0031060	4.242e-02	2.581e-03	3.045e-02
3	GO:0045786	4.242e-02	2.581e-03	3.045e-02
3	GO:0001840	4.247e-02	2.590e-03	3.053e-02
3	GO:0060017	4.252e-02	2.598e-03	3.058e-02
3	GO:0051349	4.258e-02	2.607e-03	3.065e-02
3	GO:0001843	4.264e-02	2.617e-03	3.070e-02
3	GO:0060606	4.264e-02	2.617e-03	3.070e-02
3	GO:0048709	4.270e-02	2.628e-03	3.079e-02
3	GO:0051365	4.293e-02	2.667e-03	3.120e-02
3	GO:0019898	4.300e-02	2.679e-03	3.132e-02
3	GO:0009950	4.337e-02	2.748e-03	3.208e-02
3	GO:0007548	4.339e-02	2.751e-03	3.208e-02
3	GO:0035265	4.345e-02	2.762e-03	3.216e-02
3	GO:0007612	4.352e-02	2.774e-03	3.227e-02
3	GO:0019210	4.355e-02	2.780e-03	3.230e-02
3	GO:0031401	4.364e-02	2.795e-03	3.244e-02
3	GO:0005391	4.368e-02	2.800e-03	3.246e-02
3	GO:0019201	4.372e-02	2.806e-03	3.249e-02
3	GO:0048730	4.401e-02	2.857e-03	3.300e-02
3	GO:0051348	4.403e-02	2.860e-03	3.300e-02
3	GO:0016528	4.405e-02	2.864e-03	3.300e-02
3	GO:0016529	4.405e-02	2.864e-03	3.300e-02
3	GO:0043114	4.408e-02	2.870e-03	3.304e-02
3	GO:0031334	4.420e-02	2.891e-03	3.324e-02
3	GO:0001839	4.422e-02	2.895e-03	3.325e-02
3	GO:0008152	4.431e-02	2.912e-03	3.341e-02
3	GO:0045989	4.440e-02	2.927e-03	3.354e-02
3	GO:0006836	4.455e-02	2.961e-03	3.389e-02
3	GO:0044260	4.478e-02	3.006e-03	3.436e-02
3	GO:0042627	4.482e-02	3.013e-03	3.437e-02
3	GO:0000785	4.483e-02	3.014e-03	3.437e-02
3	GO:0014072	4.486e-02	3.021e-03	3.437e-02
3	GO:0043278	4.486e-02	3.021e-03	3.437e-02
3	GO:0008287	4.501e-02	3.048e-03	3.465e-02
3	GO:0006275	4.503e-02	3.052e-03	3.465e-02
3	GO:0007611	4.523e-02	3.091e-03	3.505e-02
3	GO:0043408	4.528e-02	3.099e-03	3.510e-02
3	GO:0043566	4.533e-02	3.108e-03	3.516e-02
3	GO:0006884	4.536e-02	3.114e-03	3.519e-02
3	GO:0005996	4.544e-02	3.130e-03	3.529e-02
3	GO:0046885	4.544e-02	3.130e-03	3.529e-02
3	GO:0032351	4.562e-02	3.163e-03	3.558e-02
3	GO:0032353	4.562e-02	3.163e-03	3.558e-02
3	GO:0000932	4.585e-02	3.206e-03	3.602e-02
3	GO:0048755	4.601e-02	3.234e-03	3.626e-02
3	GO:0032328	4.602e-02	3.234e-03	3.626e-02
3	GO:0003886	4.605e-02	3.241e-03	3.630e-02
3	GO:0001958	4.626e-02	3.279e-03	3.668e-02
3	GO:0070873	4.653e-02	3.327e-03	3.712e-02
3	GO:0005160	4.654e-02	3.331e-03	3.712e-02
3	GO:0046546	4.656e-02	3.334e-03	3.712e-02
3	GO:0030857	4.659e-02	3.340e-03	3.712e-02
3	GO:0031133	4.659e-02	3.341e-03	3.712e-02
3	GO:0032536	4.659e-02	3.341e-03	3.712e-02
3	GO:0009649	4.668e-02	3.359e-03	3.728e-02
3	GO:0001705	4.671e-02	3.365e-03	3.729e-02
3	GO:0007269	4.672e-02	3.367e-03	3.729e-02
3	GO:0043551	4.681e-02	3.386e-03	3.741e-02
3	GO:0043552	4.681e-02	3.386e-03	3.741e-02
3	GO:0007271	4.687e-02	3.396e-03	3.747e-02
3	GO:0050810	4.694e-02	3.410e-03	3.759e-02
3	GO:0048341	4.732e-02	3.487e-03	3.840e-02
3	GO:0015812	4.736e-02	3.495e-03	3.840e-02
3	GO:0030662	4.739e-02	3.499e-03	3.840e-02
3	GO:0003707	4.739e-02	3.499e-03	3.840e-02
3	GO:0019932	4.742e-02	3.504e-03	3.841e-02
3	GO:0019049	4.756e-02	3.531e-03	3.845e-02
3	GO:0044413	4.756e-02	3.531e-03	3.845e-02
3	GO:0044415	4.756e-02	3.531e-03	3.845e-02
3	GO:0051832	4.756e-02	3.531e-03	3.845e-02
3	GO:0051834	4.756e-02	3.531e-03	3.845e-02
3	GO:0010594	4.756e-02	3.531e-03	3.845e-02
3	GO:0042941	4.781e-02	3.619e-03	3.937e-02
3	GO:0001525	4.791e-02	3.642e-03	3.957e-02
3	GO:0019900	4.794e-02	3.647e-03	3.959e-02
3	GO:0000792	4.798e-02	3.656e-03	3.964e-02
3	GO:0021877	4.809e-02	3.681e-03	3.987e-02
3	GO:0006469	4.821e-02	3.709e-03	4.003e-02
3	GO:0060348	4.822e-02	3.711e-03	4.003e-02
3	GO:0043433	4.822e-02	3.712e-03	4.003e-02
3	GO:0090048	4.822e-02	3.712e-03	4.003e-02
3	GO:0021526	4.823e-02	3.725e-03	4.013e-02
3	GO:0021892	4.829e-02	3.736e-03	4.019e-02
3	GO:0005262	4.836e-02	3.749e-03	4.030e-02
3	GO:0070325	4.846e-02	3.771e-03	4.048e-02
3	GO:0034185	4.847e-02	3.774e-03	4.048e-02
3	GO:0042733	4.854e-02	3.790e-03	4.060e-02
3	GO:0030239	4.869e-02	3.819e-03	4.087e-02
3	GO:0048771	4.891e-02	3.865e-03	4.131e-02
3	GO:0008283	4.893e-02	3.868e-03	4.131e-02
3	GO:0010149	4.915e-02	3.914e-03	4.175e-02
3	GO:0001934	4.942e-02	3.973e-03	4.234e-02
3	GO:0030146	4.970e-02	4.060e-03	4.318e-02
3	GO:0030100	4.970e-02	4.061e-03	4.318e-02
3	GO:0030017	4.987e-02	4.095e-03	4.350e-02
3	GO:0007439	5.004e-02	4.128e-03	4.375e-02
3	GO:0048567	5.004e-02	4.128e-03	4.375e-02
3	GO:0050905	5.016e-02	4.150e-03	4.394e-02
3	GO:0043467	5.025e-02	4.170e-03	4.410e-02
3	GO:0051098	5.034e-02	4.198e-03	4.435e-02
3	GO:0008543	5.055e-02	4.248e-03	4.478e-02
3	GO:0005592	5.055e-02	4.248e-03	4.478e-02
3	GO:0010959	5.061e-02	4.261e-03	4.487e-02
3	GO:0021533	5.071e-02	4.286e-03	4.509e-02
3	GO:0051893	5.082e-02	4.313e-03	4.532e-02
3	GO:0034370	5.105e-02	4.364e-03	4.581e-02
3	GO:0035197	5.107e-02	4.369e-03	4.581e-02
3	GO:0016441	5.113e-02	4.392e-03	4.595e-02
3	GO:0035194	5.113e-02	4.392e-03	4.595e-02
3	GO:0033137	5.121e-02	4.409e-03	4.609e-02
3	GO:0048592	5.126e-02	4.419e-03	4.614e-02
3	GO:0031225	5.132e-02	4.433e-03	4.624e-02
3	GO:0034363	5.148e-02	4.470e-03	4.653e-02
3	GO:0007613	5.150e-02	4.475e-03	4.653e-02
3	GO:0005912	5.152e-02	4.478e-03	4.653e-02
3	GO:0030104	5.154e-02	4.483e-03	4.653e-02
3	GO:0010810	5.155e-02	4.484e-03	4.653e-02
3	GO:0034384	5.160e-02	4.496e-03	4.660e-02
3	GO:0030517	5.167e-02	4.514e-03	4.673e-02
3	GO:0051492	5.169e-02	4.518e-03	4.673e-02
3	GO:0030331	5.171e-02	4.525e-03	4.675e-02
3	GO:0060048	5.179e-02	4.544e-03	4.688e-02
3	GO:0010226	5.180e-02	4.546e-03	4.688e-02
3	GO:0005783	5.200e-02	4.596e-03	4.726e-02
3	GO:0030010	5.200e-02	4.596e-03	4.726e-02
3	GO:0005790	5.202e-02	4.601e-03	4.726e-02
3	GO:0021885	5.203e-02	4.603e-03	4.726e-02
3	GO:0007620	5.210e-02	4.619e-03	4.738e-02
3	GO:0008045	5.220e-02	4.650e-03	4.765e-02
3	GO:0016538	5.223e-02	4.657e-03	4.767e-02
3	GO:0048617	5.234e-02	4.685e-03	4.791e-02
3	GO:0045445	5.240e-02	4.699e-03	4.800e-02
3	GO:0006346	5.248e-02	4.719e-03	4.815e-02
3	GO:0002089	5.257e-02	4.737e-03	4.822e-02
3	GO:0002020	5.257e-02	4.738e-03	4.822e-02
3	GO:0005035	5.259e-02	4.742e-03	4.822e-02
3	GO:0046907	5.262e-02	4.748e-03	4.822e-02
3	GO:0009755	5.262e-02	4.750e-03	4.822e-02
3	GO:0032147	5.272e-02	4.777e-03	4.845e-02
3	GO:0051952	5.280e-02	4.798e-03	4.861e-02
3	GO:0043497	5.284e-02	4.807e-03	4.861e-02
3	GO:0003001	5.285e-02	4.807e-03	4.861e-02
3	GO:0032388	5.290e-02	4.821e-03	4.864e-02
3	GO:0043410	5.290e-02	4.821e-03	4.864e-02
3	GO:0051649	5.304e-02	4.906e-03	4.940e-02
3	GO:0031050	5.306e-02	4.911e-03	4.940e-02
3	GO:0070918	5.306e-02	4.911e-03	4.940e-02
3	GO:0015457	5.312e-02	4.925e-03	4.949e-02
3	GO:0043292	5.324e-02	4.951e-03	4.970e-02

# GOMo (Gene Ontology for Motifs): Version 5.5.2 compiled on Apr  9 2023 at 14:33:54
# The format of this file is described at https://meme-suite.org/meme/doc/gomo-output-format.html.
# gomo --nostatus --verbosity 1 --oc . --t 0.05 --shuffle_scores 1000 --dag db/go.dag --motifs motifs.meme db/mammal_homo_sapiens_1000_199.na.csv mammal_homo_sapiens_1000_199.na.cisml mammal_mus_musculus_1000_199.na.cisml mammal_canis_familiaris_1000_199.na.cisml mammal_equus_caballus_1000_199.na.cisml
